crisisJST,yhat1,yhat2
0,,
0,,
0,,
1,,
0,,
0,,
0,,
0,,
0,,
0,,
0,,
0,,
0,,
0,,.033038076
0,,.033038057
0,.032850955,.033038076
0,.032850869,.033038054
0,.032850806,.033038042
0,.032851122,.033038057
0,.032850739,.033038106
0,.032850988,.033038046
0,.032851066,.03303808
0,.032850817,.033038091
1,.032851096,.033038031
0,.032850932,.033038054
0,.032850668,.03303802
0,.032850884,.033037979
0,.032851025,.033038031
0,.032850575,.033038054
0,.032850739,.033037975
0,.032851059,.033038028
0,.032850467,.033038091
0,.032851014,.033037998
0,.032850932,.033038069
0,.032850862,.033038057
0,.03285015,.033037987
0,.032851115,.033037923
1,.032850813,.033038095
0,.032851227,.033038028
0,.032849655,.033037964
0,.032851201,.033037793
0,.032850415,.033038057
0,.032850821,.033037972
0,.032850593,.033037938
0,.032850601,.033037923
0,.032850727,.033037916
0,.032850236,.033037912
0,.032851543,.033037849
0,.032850817,.033037968
0,.032850266,.033037763
0,.032849524,.033037618
0,.032850627,.033037677
0,.032850638,.033037964
0,.032849953,.033037957
0,.03285097,.033037834
0,.032850195,.033038013
0,.032850541,.033037927
0,.032850336,.033037923
0,.032850139,.03303792
0,.032850735,.033037905
1,.032851048,.033037964
0,.032851011,.033037905
0,.032851342,.033037726
0,.032850664,.033037599
0,.032849409,.033037383
0,.032850258,.033037242
0,.032849219,.033037513
0,.032850262,.033037554
0,.032851171,.033037793
0,.032850463,.033037953
0,.032849725,.033037759
0,.032850482,.033037692
0,.032852374,.033037949
0,.032850888,.033038098
0,.032849018,.03303761
0,.032850306,.033037372
0,.032847967,.033037856
0,.032852612,.033037849
0,.0328504,.033038463
0,.032850925,.033038061
0,.032847885,.033037886
0,.032852966,.033037741
0,.03284853,.033038475
0,.032851592,.0330378
0,.032849267,.033037998
0,.032847211,.033037838
0,.032852057,.033037703
0,.032850876,.033038527
0,.032849852,.033038124
0,.032846805,.03303754
0,.032851651,.033037394
0,.032847997,.03303824
0,.032848306,.03303764
0,.032848012,.033037554
0,.03284866,.033037867
0,.032847594,.03303802
0,.032852668,.03303783
0,.032846116,.033038191
0,.032850813,.033036996
0,.032847278,.033037301
0,.032850865,.033036839
0,.032840867,.033036813
0,.032843404,.033035703
0,.032847088,.033036873
0,.032857776,.03303818
0,.032849606,.033038467
0,.032838926,.033035643
0,.032843154,.03303409
0,.032845005,.033036262
0,.032851838,.033037301
0,.032854121,.033037294
0,.032842562,.033036213
0,.032846324,.033033889
0,.03283507,.033034679
1,.032840505,.033034503
0,.032849729,.033036396
0,.032841168,.033038247
0,.032852378,.033036578
0,.032842875,.033037368
0,.032853801,.033035908
0,.032847166,.03303612
0,.032849196,.033034243
0,.032838307,.033033244
0,.032837067,.033031978
0,.03283973,.03303295
0,.032844003,.033034865
0,.032845847,.033035889
0,.032841254,.0330358
0,.032840598,.033035096
0,.032845829,.033035535
0,.032842781,.033036549
0,.032847151,.033035722
0,.032837026,.033035569
0,.032840896,.033034265
0,.032832727,.033035122
0,.032848153,.033035073
0,.032841709,.033037059
1,.032841004,.033035398
0,.032851964,.033034097
0,.032851093,.033034682
0,.032821283,.033032231
0,.03284784,.033027463
0,.032826554,.033032376
0,.03284153,.033030979
0,.032830767,.033032298
0,.032831207,.033032168
0,.032842286,.033033133
0,.032843105,.033035308
0,,
0,,
0,,
0,,
0,,
0,,
0,,
0,,
0,,
0,,
0,,
0,,
0,,
0,,.033038065
0,,.033038076
0,.032851078,.033038057
0,.032850962,.033038072
0,.032851018,.033038061
0,.032850999,.033038061
0,.032850992,.033038065
1,.032851007,.033038061
0,.032850891,.033038061
0,.032851152,.033038054
0,.03285091,.033038087
0,.032851052,.03303805
0,.032850899,.033038057
0,.032851018,.03303805
0,.032851014,.033038069
0,.03285097,.033038065
0,.032850977,.033038054
0,.032851063,.033038057
0,.032850966,.033038065
0,.032850966,.033038042
0,.032850951,.033038042
0,.032851011,.03303805
0,.032850977,.033038057
0,.032850929,.03303805
0,.032851033,.033038042
0,.032851003,.033038061
0,.032850947,.033038054
0,.032850921,.033038039
0,.032851048,.033038046
0,.032850951,.033038069
0,.032850958,.033038046
0,.032850958,.033038046
0,.032851283,.033038054
0,.032850869,.033038076
0,.032850932,.033037994
0,.03285104,.033038005
0,.032850459,.033038046
0,.03285154,.033037998
0,.03285072,.033038147
0,.032851033,.033038031
0,.032850925,.033038042
0,.032850996,.033038072
0,.032850996,.033038076
0,.032850984,.033038069
0,.032850977,.033038061
0,.03285097,.033038061
0,.032850955,.033038057
0,.032851063,.033038054
0,.032850832,.033038061
0,.032851223,.033038028
0,.032850716,.033038065
0,.032850955,.033037998
0,.032850932,.033038035
0,.032850865,.033038061
0,.032851011,.033038046
0,.032851022,.033038065
0,.032850977,.033038057
0,.032851402,.033038031
0,.032850698,.033038046
0,.032850917,.033037927
0,.032850828,.033037968
0,.032850891,.033038009
0,.032850932,.033038024
0,.032850839,.033038039
0,.032850996,.033038046
0,.032851037,.03303808
0,.032850888,.03303808
0,.032851063,.03303805
0,.032850947,.033038072
0,.03285129,.033038054
0,.032850668,.033038065
0,.032850884,.033037972
0,.03285107,.03303802
0,.032850865,.033038076
0,.032851059,.033038028
0,.03285072,.033038039
0,.032850757,.03303802
0,.03285104,.033038054
0,.032851171,.033038113
0,.032850824,.033038095
0,.032851078,.033038013
0,.032850482,.033038042
0,.032851208,.033037998
0,.032850794,.033038095
0,.032850869,.033038035
0,.032850843,.03303802
0,.032850917,.033038039
0,.032850798,.033038046
0,.032850944,.033038016
0,.032850102,.033038028
0,.032850903,.033037964
1,.03285161,.033038128
0,.03285097,.03303818
0,.032850571,.033037938
0,.032850776,.033037841
0,.032850135,.033037938
0,.032850333,.033037905
0,.03285145,.03303799
0,.032850005,.033038154
0,.032850627,.03303792
0,.03285056,.033038013
0,.032850269,.033038091
0,.032850675,.033038031
0,.03284983,.03303808
0,.032850228,.033038009
0,.032848991,.033038102
0,.03285091,.033038065
0,.032851696,.033038355
1,.032852013,.033038277
0,.032849994,.03303786
0,.032849602,.033037324
0,.032849263,.033037297
0,.032849099,.03303742
0,.032849759,.033037495
0,.032850787,.033037663
0,.032848623,.033037752
0,.032849584,.033037417
0,.032848395,.03303764
0,.032850053,.033037711
0,.032848593,.033037949
0,.032850236,.033037785
0,.032848734,.033037942
0,.032849796,.03303773
0,.032847423,.033037756
1,.032849353,.033037502
0,.032852333,.033037785
0,.032849915,.033037893
0,.032854866,.033036914
0,.032843206,.033036787
0,.0328492,.03303514
0,.032847002,.033036254
0,.032847907,.033036612
0,.032847911,.033036638
0,.032848641,.033036888
0,.032850314,.033037204
1,,
0,,
0,,
0,,
0,,
0,,
1,,
0,,
0,,
0,,
0,,
0,,
0,,
0,,
0,,
1,,
0,,
0,,
0,,.033059515
0,,.032589249
0,.027754573,.032978177
0,.034013625,.031869497
0,.030896707,.032926045
0,.033305611,.03291795
0,.032750864,.032987904
0,.03237221,.032920059
0,.031864874,.032811232
0,.032123458,.032802206
0,.033340298,.032942243
0,.03170212,.03307312
0,.032805927,.032771152
0,.031142114,.032901637
0,.033611633,.032810993
0,.033211652,.033101164
0,.029171888,.032890607
0,.036873203,.03234791
0,.030852329,.033418
0,.032202575,.032478306
0,.030828351,.032382783
0,.03244593,.032633275
0,.032189418,.032961257
0,.032604869,.03286621
0,.032067183,.032815684
0,.029033611,.032741386
0,,.03254661
0,,
0,,
0,,
0,,
0,,
0,,
0,,
0,,
0,,.033219278
0,,.0334078
1,.026724987,.03250806
0,.039054666,.03184272
0,.028112862,.033832461
0,.036043849,.03227596
0,.025983185,.032770835
0,.03577045,.032057304
1,.032563671,.033543188
0,.033689544,.033043094
0,.030016132,.032435011
1,.035976741,.032044567
0,.031683099,.032775465
0,.029540898,.031915881
0,.03206481,.0315153
0,.03178091,.032404158
1,.032660969,.032538421
0,.035664286,.032431219
0,,.032583527
0,,
0,,
0,,
0,,
0,,
0,,
0,,
0,,
0,,
0,,
0,,
0,,.032545909
0,,.033112384
0,.030435309,.032311197
0,.033384535,.032450218
0,.034316022,.03309181
0,.026476309,.032708675
0,.032550428,.03147253
0,.029560067,.032857407
0,.026336281,.032851491
0,.036158405,.032433584
0,.028069621,.034097522
0,.034221079,.03282145
0,.029194444,.033012222
0,.028814184,.032367416
0,.026943486,.032169592
0,.030507877,.032313563
0,.032408778,.033016972
0,.026224535,.032797255
0,.030202825,.031426709
0,.026985496,.032062296
0,.026723325,.031773135
0,.038936064,.031555012
0,.023220448,.032506675
0,.026394967,.029600956
0,.02365483,.030080708
0,.024416398,.030872269
0,.023935655,.031309243
0,.024236711,.031621359
0,.042198744,.032100387
0,.029338675,.033426307
0,.031424083,.029666198
0,.021623844,.028152697
0,.023835922,.027083298
0,.019177452,.027890567
0,.020526031,.028081138
0,.016932614,.029390372
0,.021963391,.030380368
0,.039986853,.032793596
0,.021542544,.034605522
0,.0535504,.029751468
0,.015463862,.030788496
0,.023360608,.025371298
0,.020666523,.026457215
0,.017841643,.027570771
0,.016860237,.027034312
0,.046371721,.027826706
0,.0076061976,.031379439
0,.050942346,.024585012
0,.023358259,.031340178
0,.018767193,.028069073
0,.025849432,.024536245
0,.009991657,.026437499
0,.031414732,.024819503
0,.01213799,.029210903
0,.011862582,.026695793
1,.055109721,.027622549
0,.0235344,.034571599
0,.018603569,.027118597
0,.015670942,.023514964
0,.026262639,.024832774
0,.010912185,.026820041
0,.014308077,.023406854
0,.017641382,.025380438
0,.012923256,.028218085
0,.083850883,.027060527
0,,
0,,
0,,
0,,.033038065
0,,.033038072
0,.032851007,.033038072
0,.032851029,.03303808
1,.032851048,.033038083
0,.032851003,.03303808
0,.032851037,.033038069
0,.032851014,.033038072
0,.032850951,.033038069
0,.032850958,.033038057
0,.032850996,.033038069
0,.032850984,.03303808
1,.032850992,.03303808
0,.032850992,.033038076
0,.032851074,.033038076
0,.032850873,.033038076
0,.032851137,.033038046
0,.032850835,.033038072
0,.032851193,.033038035
0,.032850642,.033038065
0,.032851052,.033038005
0,.032850895,.033038072
0,.032850966,.033038069
0,.032850854,.033038061
0,.032851029,.033038054
0,.0328511,.03303808
0,.032850791,.033038069
0,.032850999,.033038005
0,.032850891,.033038039
0,.032850783,.033038035
0,.032850668,.033038016
0,.032851081,.033038031
0,.032850951,.033038102
0,.032850754,.033038057
0,.032850869,.033038005
1,.032850768,.033038042
0,.032851081,.033038039
0,.03285072,.033038054
0,.032850847,.033037983
0,.032851066,.033037994
0,.032850448,.033038013
0,.032850899,.033037916
0,.032851644,.033037987
0,.032850314,.033038042
0,.032850407,.033037778
0,.032851327,.033037834
0,.032850016,.033038046
0,.032851446,.033037856
1,.032849345,.03303802
0,.032852098,.033037867
0,.032849941,.033038221
0,.032852154,.033037946
0,.032850083,.033038091
0,.032849893,.033037826
0,.03285145,.033037841
0,.032850817,.033038177
0,.032850448,.033038013
0,.032850493,.033037864
0,.032850407,.033037968
0,.032851607,.033038028
0,.03285066,.033038106
0,.032850605,.033037867
0,.032850619,.033037808
0,.032850258,.033037871
0,.032851189,.033037845
0,.03285018,.033037942
0,.03285078,.033037797
0,.032852557,.033037867
0,.032849334,.033037994
0,.032850139,.033037428
0,.032850571,.033037636
0,.032850623,.033037957
0,.032850575,.033037923
0,.032850225,.033037882
0,.032851003,.033037931
0,.032850582,.03303808
0,.032851223,.033037998
0,.032850765,.033038009
0,.032851025,.033037912
0,.032850187,.033037879
0,.032850448,.033037782
0,.032850504,.033037871
0,.032851156,.033037946
0,.032850534,.03303799
0,.032850526,.033037852
0,.032850135,.033037849
0,.032850169,.033037886
0,.032850474,.033037968
0,.032850813,.033038065
0,.032850854,.033038087
0,.032850277,.033038013
0,.032849614,.03303789
0,.032850686,.033037875
0,.032850124,.033038095
0,.032851204,.033037994
0,.032849781,.033038002
0,.032848556,.033037759
0,.03285173,.033037696
0,.032849807,.033038206
0,.032848623,.0330378
0,.032849494,.033037551
0,.032852609,.033037934
0,.032848217,.03303821
0,.032850772,.033037283
0,.032850005,.033037528
0,.032849248,.033037521
0,.032849379,.033037212
0,.032851122,.033037245
0,.032848611,.033037439
0,.03284958,.033036966
0,.032846939,.033037085
0,.032848954,.033037078
0,.032846943,.033037603
0,.032848921,.033037659
1,.032851938,.033038087
0,.032851525,.033038381
0,.032849163,.0330377
0,.032848597,.033036914
0,.03285028,.033036888
0,.032847937,.033037126
0,.032849137,.033036646
0,.032849371,.03303675
0,.032846194,.033036858
0,.032848787,.033036508
0,.032847028,.033037107
0,.032847587,.033037182
0,.032850917,.033037357
0,.03284473,.0330378
0,.032850437,.033036977
0,.032849487,.033037771
0,.032847263,.033037599
0,.032845628,.033036843
0,.03284305,.033036847
0,.032847922,.033037204
0,.032845605,.033038218
1,.032854524,.033037875
0,.032849368,.033038236
0,.032848172,.033036508
0,.032847948,.033035371
0,.032844476,.033035196
0,.032842983,.033034652
0,.032846414,.033034697
0,.032844685,.033035595
0,.032845736,.033035472
0,.032847211,.03303555
0,,
0,,
0,,
0,,
0,,
0,,
0,,
0,,
0,,
0,,
0,,
0,,
1,,
0,,
0,,
0,,
0,,
0,,
0,,
1,,
0,,
0,,
0,,
0,,
0,,
0,,
0,,
0,,
0,,
0,,
0,,
0,,
0,,
0,,.033038016
0,,.03303805
0,.032852069,.033038028
0,.032849297,.033038195
0,.032852959,.033037823
0,.032848664,.033038229
0,.032851513,.03303773
0,.032849565,.033038091
0,.032852136,.033038046
0,.032850128,.033038266
0,.032851543,.033037949
0,.032851677,.033038028
0,.032851022,.033037972
0,.032849714,.033037677
0,.032850333,.033037525
0,.032851119,.0330378
0,.032848019,.033037975
0,.032855988,.033037666
0,.032846086,.033038601
0,.032852706,.033037245
0,.032849837,.033038087
0,.032851841,.033038095
0,.032849126,.033038039
0,.032853138,.033037752
0,.032849558,.03303827
0,.032846052,.033037733
0,.032855313,.033037525
1,.03285053,.0330391
0,.032852717,.033038117
0,.032849018,.033037703
0,.032851264,.033037432
0,.03284958,.033037826
0,.032851357,.033037685
0,.032848258,.033037856
0,.03285427,.033037644
0,.032848373,.033038374
0,,.03303751
0,,
0,,
0,,
0,,
0,,
0,,
0,,
0,,
0,,
0,,.033037938
0,,.03303773
0,.032851931,.033038151
0,.032849565,.033038139
0,.032847039,.03303754
0,.032850776,.033037473
0,.03284809,.033038404
0,.032854594,.033038158
0,.032845318,.033038586
0,.032857805,.033037305
0,.032841068,.03303853
0,.032850638,.033036474
0,.032846749,.033037901
0,.032851111,.033038218
0,.032856543,.033038355
0,.03283868,.033038307
0,.032852288,.033035733
0,.032843668,.033038076
0,.032847904,.033037737
0,.032849379,.033037897
0,.032849252,.03303827
0,.032843515,.033037808
0,.032843761,.033036869
0,.032844916,.033037465
0,.03284983,.033038195
0,.032853696,.033038404
0,.032827482,.033037569
0,.032859109,.033034157
0,.032844111,.033038896
0,.032844514,.033036381
0,.032843284,.033034325
0,.032868981,.033034768
0,.032815743,.033036459
0,.032849777,.033028282
0,.032833468,.033034075
0,.032845329,.03303485
0,.032841332,.033035196
0,.032842398,.033034965
0,.032840811,.033035215
0,.032834742,.033035189
0,.032841966,.033034902
0,.0328467,.033036504
0,.032854192,.033036731
0,.032840163,.033035416
0,.03284315,.033031702
0,.032841429,.033031575
0,.032833833,.033031549
0,.032842197,.033030439
0,.03283545,.033031974
0,.032832533,.033031687
0,.0328383,.033031911
0,.032832153,.033033963
0,.032840092,.033034056
0,.032851379,.033035371
0,.032842807,.033036061
0,.032829642,.033032745
0,.032830905,.033030491
0,.03282284,.033032596
0,.032832853,.033033684
1,.032841999,.033036068
0,.032860234,.0330371
0,.032826707,.033036057
0,.032826867,.033028543
0,.032850467,.033028815
0,.032819703,.033032756
0,.032823388,.033026852
0,.032834418,.033027411
0,.032820091,.033031285
0,.032834329,.033029251
0,,
0,,
0,,
1,,.033038054
0,,.033038132
0,.03285088,.033038069
0,.032851558,.033038039
0,.032850306,.03303811
0,.0328511,.033037927
0,.032850821,.03303805
0,.032851059,.033038069
0,.032850765,.033038054
0,.032851089,.033038016
0,.032850672,.033038065
0,.032851011,.03303802
0,.032850798,.033038061
0,.032850947,.033038046
0,.03285088,.033038054
0,.032850862,.033038042
0,.032850664,.033038031
0,.032851249,.033038016
1,.032850705,.033038083
0,.032850705,.033037975
0,.032850515,.033037964
0,.032850709,.033038002
0,.032850981,.033038061
0,.032850757,.033038083
0,.032850783,.033038013
0,.032850403,.033037994
0,.032851037,.033037972
0,.032850847,.03303805
1,.032850578,.033037975
0,.032850422,.033037886
0,.032850422,.033037893
0,.032850392,.033037942
0,.032850798,.033037961
0,.032850791,.033038002
0,.032850202,.033037949
0,.032850578,.033037838
0,.032850467,.033037908
0,.032850496,.033037905
0,.032850116,.03303786
0,.032851152,.033037815
0,.032849848,.033037923
0,.032851271,.033037707
0,.032852408,.033037819
0,.032849725,.033037785
0,.032850772,.033037186
0,.032848284,.033037335
0,.032850418,.033037312
0,.032854334,.033037785
0,,.033038147
0,,
0,,
0,,
0,,
0,,
0,,.033038124
0,,.033038259
0,.032851487,.033038203
0,.032850474,.033038244
1,.032851625,.033038087
0,.032850105,.033038173
0,.03285129,.033037972
0,.032850813,.033038091
0,.0328504,.033038024
0,.032851618,.033037916
0,.032849532,.03303805
0,.032850876,.033037782
0,.03284996,.03303799
0,.032850921,.033037994
0,,.033038083
0,,
0,,
0,,
0,,
0,,
0,,
0,,
0,,.033038076
0,,.03303802
0,.032851685,.033038206
0,.032850392,.033038367
0,.032850858,.033038106
0,.032850575,.033038162
0,.032850724,.033038214
0,.03285135,.033038214
0,.032850716,.033038225
0,.032850642,.033038046
0,.03284936,.033037983
0,.032848895,.033037912
0,.03285186,.033038072
0,.032850154,.033038545
0,.032850765,.033038136
0,.032849599,.033037998
0,.032850131,.033037908
0,.032850686,.033037964
0,.032849625,.033037938
0,.03284822,.033037655
0,.032848213,.03303754
0,.032850869,.03303783
0,.032848455,.033038232
0,.032848626,.033037733
0,.032851942,.033037703
0,.032850306,.033038087
0,.032849457,.033037368
0,.032845747,.033036798
0,.032848548,.033036556
0,.032846097,.033037283
0,.032848544,.033037215
0,.032850318,.033037554
0,.03284993,.033037707
0,.032848891,.033037148
0,.032845326,.033036605
0,.032847937,.033036262
0,.032846287,.033036891
0,.032848038,.033036839
0,.03284847,.033036962
0,.032846216,.03303694
0,.03284714,.033036511
0,.032836538,.033036675
0,.032855533,.033036109
0,.032846939,.03303894
0,.032848019,.033037152
0,.032846149,.033035986
0,.032843769,.033035986
0,.03284248,.033035789
0,.032847624,.033035833
0,.032841206,.033036653
0,.032846019,.033035781
0,.032847323,.033036333
0,.032848045,.033036381
0,.032846302,.033035498
0,.032843716,.033034455
0,.032845944,.033033855
0,.032841675,.033034045
0,.032843299,.033033438
0,.032842111,.033033766
1,.032843359,.033034042
0,.032844719,.033034377
0,.032845568,.0330346
0,.032841709,.033034503
0,.032847065,.033033967
0,.032848459,.03303472
0,.032835823,.033034481
0,.032845195,.033032689
0,.032840673,.03303479
0,.032845821,.033035081
0,,
0,,
0,,
1,,.033039074
0,,.033047963
0,.03282807,.033029892
0,.032888573,.033033293
0,.032796871,.033045445
0,.032874122,.033030037
0,.03281619,.033038378
0,.032875892,.03303479
0,.032790169,.033038635
0,.032865964,.033028923
0,.032821745,.033039946
0,.032840531,.033036135
0,.032829501,.033035677
0,.032783575,.033035919
1,.032891989,.033033531
0,.032832131,.033048298
0,.03284144,.033035047
0,.032881994,.033028718
0,.032826416,.033031944
0,.032776996,.0330185
1,.032857936,.033012457
0,.032810748,.033029776
0,.032812145,.033023771
0,.032837413,.033021644
0,.032826889,.0330294
0,.032841753,.033028066
0,.032785613,.033026986
0,.032852024,.033022217
0,.032795917,.033033721
0,.032846041,.033028286
0,.032808624,.033032887
0,.032825567,.033029743
0,.032776099,.033031292
0,.032855131,.033028916
1,.032878477,.033040456
0,.032707691,.033036437
0,.032817449,.033010308
0,.032840751,.033035107
0,.032808535,.033043642
0,.032828391,.033026658
0,.032789491,.033024292
0,.032964669,.03302063
0,.032728825,.033030145
0,.03282965,.032986112
0,.032848962,.0329968
0,.03270201,.033006016
0,.032321088,.032983262
0,.033197086,.032976788
1,.032910738,.033126112
0,.032690153,.033051174
0,.032840326,.032967366
0,.032489076,.033017598
0,.033144664,.033005279
0,.032562174,.033076055
0,.032690074,.032988861
0,.032648701,.033005122
0,.033161085,.033046514
1,.032597784,.033086948
0,.032839727,.032970086
0,.032689884,.032988865
0,.032496106,.032994393
0,.032987997,.032973316
1,.032903079,.033042599
0,.03257497,.033000026
0,.032865282,.03291947
0,.032654304,.032970402
0,.03245711,.032952238
0,.033045091,.032930195
0,.032274287,.033022672
0,.03278742,.032931592
0,.034204535,.033009659
0,.032890934,.033119854
0,.031481292,.032756511
0,.032530833,.032586806
0,.032664061,.032985944
0,.0328166,.033107214
0,.032759674,.033044666
0,.032732952,.033043966
0,.033053938,.033076186
0,.032393806,.033100437
0,.032901302,.033000641
0,.032663431,.033081755
0,.032711774,.033071514
0,.032687828,.033049606
0,.032800846,.033050139
0,.032790162,.033054955
0,.032148581,.033020768
0,.03237316,.032943875
0,.032444891,.03304106
0,.032259308,.033107523
0,.032793436,.033083111
0,.033596728,.033139817
0,.031956527,.033127509
0,.031965766,.032776326
0,.03196501,.032810457
0,.03226614,.032962959
0,.031838767,.033009198
0,.03262553,.032939129
0,.031735413,.033034362
0,.032094453,.032902069
0,.032494154,.032919392
0,.032854736,.032947373
0,.032471847,.032823853
0,.031851087,.032576144
0,.031796765,.032409005
0,.032422855,.032422177
0,.030196197,.032481883
0,.032207325,.032226533
0,.031686384,.032630578
0,.033115167,.03265379
0,.031131875,.032641634
0,.029486559,.032318063
0,.033886608,.032315079
0,.030748799,.033124454
0,.031888068,.032603752
0,.030074451,.032589588
0,.033648137,.032635637
1,.027154449,.033095509
0,.036090236,.032308657
0,.029446252,.033514298
0,.035552029,.032596607
0,.030928271,.032772586
0,.029530827,.032028042
0,.032950275,.031713188
0,.027400784,.032363396
0,.032310564,.031728841
0,.028120661,.032493677
0,.030070459,.032277428
0,.033255052,.032654032
0,.031039478,.033124048
0,.031037571,.032366738
0,.0300596,.032028351
0,.028099164,.031972691
0,.028869057,.031838048
0,.029782478,.032223932
1,.03437819,.032536078
0,.031700797,.032678667
0,.024629978,.031550866
0,.037175201,.030490829
0,.029729312,.032414358
0,.031957585,.030972667
0,.023270017,.030283827
0,.032311343,.029739153
0,.027514359,.03169065
0,.033209056,.031240657
0,,
0,,
0,,
0,,
0,,
0,,
0,,
0,,
0,,
0,,
0,,
0,,
0,,
0,,
0,,
0,,
0,,
0,,
0,,
0,,
0,,
0,,
0,,
0,,
0,,
0,,
0,,
0,,
0,,
0,,
0,,
0,,
0,,
0,,.033041678
0,,.03302921
0,.032728791,.033030607
0,.032953661,.033023681
0,.032806516,.033050843
0,.032776494,.033021018
0,.032813739,.033009123
0,.032828949,.033026803
0,.032767825,.033029281
0,.032872155,.033016741
0,.032742217,.033030141
0,.032891151,.033015124
0,.032811295,.033029202
0,.032684762,.033014961
0,.03275498,.032999203
0,.032998826,.033028658
0,.032444727,.033057436
0,.033122588,.032980815
1,.032767098,.033072449
0,.032808352,.033021327
0,.032644141,.032989144
0,.032916445,.032992527
0,.032537829,.033037428
0,.032785736,.03299037
0,.032905675,.033032771
0,.032742232,.033057373
0,.032818086,.033006813
0,.032824352,.033004403
0,.032919381,.033005722
0,.032699011,.03299167
0,.032680929,.032944165
0,.032787219,.032951463
0,.032644488,.03298448
0,.032677867,.032969747
0,.033044562,.032986093
0,.032653604,.033034056
0,.032820404,.032959621
0,.033064514,.032972403
0,.032662217,.033004049
0,.032695252,.032921858
0,.032766007,.032933917
0,.032685794,.032986693
0,.032826614,.032988783
0,.032696821,.033013403
0,.03289903,.033015326
0,.032784387,.033047277
0,.032849271,.033033542
0,.03278907,.033035766
0,.032909874,.033034261
0,.032768212,.033044968
0,.032778587,.033021089
0,.032801617,.033024728
0,.03279575,.03303995
0,.032793749,.033039257
0,.032947645,.033036806
0,.032795709,.03304771
0,.032619458,.033011273
0,.032799378,.032992229
0,.032639526,.033042423
0,.032832131,.033036586
0,.03272463,.033057265
0,.032810505,.03304559
0,.03274494,.033046324
0,.032844707,.033031628
0,.032442104,.03302829
0,.03274465,.032980874
0,.032898925,.033039179
0,.032191791,.033053551
0,.033137292,.032948013
0,.032313723,.033078272
0,.032230485,.032975633
0,.032979228,.032967914
0,.032687135,.033114642
0,.031960301,.033022199
0,.03234997,.032894533
0,.031870116,.033037014
0,.033007264,.033060938
0,.033250943,.033175692
0,.032983363,.033074953
0,.03213241,.032828454
0,.032169901,.032640748
0,.032091331,.032689475
0,.03208999,.032727655
0,.031586494,.032732539
0,.032549772,.032729272
0,.02964706,.032913093
0,.034905881,.032688826
0,.032131936,.033423152
0,.03190152,.032893106
0,.032529615,.032575313
0,.031392917,.032783084
0,.031723119,.032645959
0,.031008916,.032658495
0,.031643368,.032695055
0,.030397234,.032870706
0,.030736858,.032814573
0,.032053843,.033016551
0,.030735224,.033280779
0,.035536014,.03299905
0,.029682657,.033244528
0,.030966148,.032150321
0,.028973531,.032214276
0,.030742051,.032329425
0,.032931048,.032646678
0,.029873561,.032725357
1,.032500807,.031967785
0,.027342334,.032100048
0,.036390033,.031530105
0,.025973581,.032449272
0,.032607745,.030953344
0,.031986147,.031758372
0,.027976215,.031814329
0,.032267675,.03087068
0,.027185479,.031533957
0,.032526229,.031172747
0,,
0,,
0,,
0,,.03303523
0,,.033031203
0,.032829992,.033033542
0,.032824308,.033034105
0,.032861222,.033033483
0,.032810181,.033037163
0,.032832578,.033029113
0,.032843038,.033032153
0,.032812998,.033034801
0,.032839347,.033028826
0,.032832153,.033031795
0,.032790191,.033030815
0,.03283963,.033025309
0,.032837119,.033034191
0,.032821331,.033032857
0,.032834999,.033025555
0,.032799944,.033026047
0,.032818291,.033022333
0,.032854591,.033025168
0,.032755475,.033028118
0,.032787874,.033014052
0,.032819629,.033024784
0,.032816589,.033036292
0,.032839693,.033031259
0,.032718342,.033028003
0,.032786302,.033015698
1,.032932933,.033033505
0,.032708399,.033048399
0,.032819506,.033004124
0,.032832209,.033017866
0,.032767016,.033025991
0,.032789569,.033005405
0,.03282233,.033005897
0,.032657154,.033011705
0,.03282709,.03299192
0,.032705035,.033020489
0,.03274443,.033012025
0,.032900743,.03301584
0,.032633394,.033033758
0,.032879189,.032990962
0,.032685902,.033018254
0,.032789785,.032997791
0,.032714613,.03300089
0,.032308556,.032995299
0,.032977693,.032971241
0,.033278648,.033088434
0,.032145999,.033075061
0,.03340736,.032866061
0,.032040309,.033034768
1,.032710683,.03289368
0,.033080969,.032978434
0,.032974433,.033061154
0,.032379083,.032955963
0,.032511227,.032843739
0,.032757688,.03293414
0,.032612756,.033014964
0,.032760777,.032972824
0,.032821182,.032982267
1,.032603487,.032993153
0,.032728914,.032949951
0,.032813452,.032966066
0,.032580022,.032976776
0,.032813542,.032931682
0,.032696832,.032959085
0,.032685518,.032944579
0,.032674447,.032929972
0,.032514539,.032936521
0,.033303332,.032935467
0,.032916937,.033014882
0,.032299783,.03289314
0,.032738458,.032787852
0,.032530013,.032926761
0,.032620821,.032953728
0,.032491788,.032966327
0,.032567937,.033000246
0,.032781783,.033063211
0,.032778442,.033112608
0,.032780614,.03309631
0,.033241391,.033073459
0,.032457728,.033086371
0,.032640081,.032936029
0,.032573983,.032959003
0,.032736506,.03299747
0,.032665525,.033001754
0,.03263488,.032968964
0,.032781385,.032955084
0,.032295495,.032963697
0,.031737849,.032900151
0,.034237571,.03290917
0,.031670362,.033231672
0,.032960117,.032795742
0,.032407187,.032901973
0,.032413315,.032939781
0,.032407049,.032891244
0,.032575339,.032901853
0,.03211417,.032942548
0,.032316867,.032890216
0,.033293325,.032947771
0,.031490546,.033046156
0,.03297795,.032758616
0,.031973008,.032958772
0,.032638498,.032882474
0,.032314122,.032894686
0,.031866193,.032846902
0,.032696515,.032789744
0,.03092741,.032912817
0,.032842129,.032733541
0,.032334987,.033026334
0,.034886822,.032945082
0,.028459577,.032931034
0,.034133397,.032068893
0,.029087344,.033019651
0,.032673571,.032648958
0,.031774879,.03306663
0,.030935528,.03309137
1,.036188535,.032877248
0,.02951091,.033310842
0,.034300242,.032165375
0,.03082406,.032560233
0,.028473442,.032203335
0,.035247665,.03191882
0,.029653551,.033025552
0,.031749155,.032168586
0,.030154953,.032235485
0,.029303843,.032404456
0,.032694168,.032498527
0,.031161651,.033074345
0,.031116599,.032734435
0,.031004211,.032509245
0,.030950006,.032553513
0,.030697254,.032510497
0,.030159498,.032377016
0,.025581071,.032290306
0,.031070298,.032025225
0,.026406271,.03335334
0,.040076345,.032987561
0,.030328149,.034038451
0,.034441669,.031844597
0,.024497554,.0312226
0,.030468361,.030117517
0,.022749323,.031251922
0,.027551023,.030777685
0,.032432687,.03203658
0,.031720717,.032959871
0,.02535427,.031800348
0,,
0,,
0,,
0,,
0,,.033037581
0,,.033035334
0,.032806162,.033039685
0,.032844897,.033033587
1,.03278457,.033035785
0,.032869413,.033028603
0,.032800503,.033036482
0,.03279338,.033023901
0,.032786496,.03302028
0,.032807734,.033025432
0,.0327668,.03302975
0,.032814696,.033024367
0,.032834735,.033031031
0,.032814816,.033029966
0,.032854546,.033017047
0,.032743033,.033012684
0,.032777194,.032995086
0,.032799415,.033002261
0,.032718826,.033009678
0,.032791372,.032999266
0,.032727636,.033013176
0,.032877896,.033012349
0,.03264726,.033025749
0,.032772239,.032995626
0,.032771003,.033018764
0,.032807443,.033028729
0,.032760665,.033020396
0,.032667808,.033005636
0,.032880556,.032998301
0,.032678124,.033026163
0,.032471735,.032990232
0,.032982498,.032975182
0,.032469533,.033062287
1,.032892261,.032990932
0,.032885402,.033026379
0,.032593664,.033017516
0,.032596201,.032943018
0,.032952342,.032954291
0,.032385889,.033007726
0,.032731716,.032916021
0,.032630563,.032965109
0,.033307906,.032979235
0,.032047872,.033002604
0,.032867737,.032810163
0,.032901544,.032946896
0,.032259479,.032978397
0,.032655332,.03284692
0,.032211475,.032939743
1,.032925226,.032964658
0,.03304353,.033059068
0,.032621454,.033028029
0,.032869048,.032900598
0,.032168802,.03291839
0,.032972887,.032863952
0,.032333814,.032977458
0,.0326715,.032907639
0,.032325778,.032943528
1,.03274183,.032949869
0,.033289708,.033015382
0,.032413039,.033032067
0,.032641962,.032837298
0,.032372747,.0328652
0,.032611538,.032897383
0,.032754708,.032934811
0,.032388583,.032943774
0,.032403246,.032890331
0,.03409427,.032927655
0,.030692987,.033082791
0,.034223549,.032609869
0,.031362988,.033098709
0,.032957345,.032827936
0,.032258127,.032958377
0,.032207005,.032983944
0,.033132549,.032982718
0,.033111475,.033108033
0,.032122444,.033006657
0,.032223102,.032786582
0,.033626489,.03287109
0,.032138005,.033056021
0,.032136098,.032732137
0,.031945288,.032719851
0,.03319744,.032873515
0,.032353841,.033038933
0,.03230685,.032832693
0,.032252401,.032798309
0,.031869967,.032885876
0,.033020057,.032895368
0,.032239404,.033042267
0,.032021884,.032897875
0,.032254003,.032849137
0,.032200824,.032960877
0,.032588143,.03296835
0,.03231759,.032959193
0,.031584274,.032868013
0,.031188468,.03277472
0,.033018421,.032851227
0,.032671262,.033139948
0,.031271759,.032913122
0,.032242481,.032577693
0,.031566769,.032778878
0,.030099601,.032726005
0,.032747082,.032565027
0,.031648379,.033038069
0,.032494783,.032824054
0,.031603292,.032662287
0,.030238589,.032464784
0,.034300156,.032309148
0,.029643107,.032758199
0,.030912571,.031981327
0,.031521581,.032143984
0,.030225305,.032493845
0,.032278474,.032263368
0,.025766823,.032460943
0,.032869413,.031915575
0,.026473699,.033338238
0,.032193352,.03282569
0,.035252199,.033557512
1,.035659794,.033652898
0,.027361672,.032378789
0,.039667517,.030673701
0,.023363279,.031915698
0,.030931311,.029743657
0,.028615613,.030921306
0,.02780875,.031462885
0,.029366121,.031268023
0,.029442078,.031826243
0,.029906783,.032160606
0,.029092222,.032177255
0,.033493455,.032082241
0,.029148979,.03247695
0,.026970223,.03152705
0,.025312627,.031213246
0,.030723026,.031815708
0,.024303976,.033072658
1,.035309099,.032176901
0,.03120663,.033444066
0,.027094128,.032252859
0,.02960711,.030712441
0,.025571262,.031138331
0,.025994286,.030696532
0,.025020186,.03073369
0,.029699106,.031011645
0,.023068195,.031654313
0,.02865907,.030492645
1,,
0,,
0,,
0,,.033032142
0,,.033034123
0,.032888219,.03303387
0,.032845009,.033049006
0,.032813389,.033039525
0,.032806505,.033031389
0,.032874569,.033038266
0,.032873385,.033049393
0,.032798246,.033040032
0,.032878384,.033024129
0,.032840718,.033036094
0,.032728873,.033028945
0,.03287416,.03301454
0,.03278796,.033043057
0,.032900684,.033035278
0,.032787513,.033038978
0,.032880183,.033022657
0,.032781929,.033030424
0,.032820005,.033018637
0,.032798279,.033022892
0,.032740571,.033025768
0,.032906428,.033024125
0,.0327162,.033047479
0,.032835465,.033021908
0,.032835677,.033036869
0,.032799225,.03304122
0,.032743692,.03302592
0,.032775562,.033019986
0,.03289789,.033033721
0,.032774232,.033043738
0,.032800734,.033010785
0,.032701138,.03300694
0,.032806531,.033004183
0,.032715231,.033020262
0,.032816108,.033009198
0,.032727346,.033017796
0,.032751385,.033006355
1,.032780383,.033007134
0,.032735866,.033011273
0,.032816641,.03299991
0,.032614384,.033002015
0,.032949753,.032977376
0,.032949734,.033013787
0,.032697387,.032982703
0,.032882161,.032911491
0,.03247413,.03293401
0,.032676686,.032904536
0,.032671388,.032956868
0,.032664724,.032992911
0,.032561462,.033001933
0,.033120845,.033014603
0,.032655392,.03308934
0,.032820202,.033000011
0,.032572325,.032998472
0,.032732707,.032998681
0,.032794379,.033029933
0,.032676797,.03303561
0,.032828219,.033005904
1,.032689434,.03301727
0,.032530632,.032992288
0,.032883,.032972232
0,.032741539,.033024676
0,.032886725,.032983482
0,.032701153,.032955475
0,.032738626,.032913391
0,.032401431,.032906085
0,.03276369,.032880995
0,.032908279,.032950547
0,.032748379,.032959554
0,.032576013,.032891888
0,.032594014,.032871488
0,.032579597,.032916509
0,.032694146,.032946985
0,.032465242,.032975592
0,.032930754,.032972023
0,.032768387,.03304645
0,.032735281,.033011302
0,.032549664,.032976311
0,.032909568,.03297295
0,.032600272,.033028405
0,.032674469,.032974608
0,.032635253,.032975584
0,.032639872,.032994535
0,.032684818,.03299883
0,.032779809,.03300171
0,.032727927,.033001736
0,.03223712,.032971349
0,.032640714,.032919664
0,.032341443,.033016726
0,.032961033,.033011846
0,.032396287,.033060845
0,.032803655,.032964151
0,.032423634,.032984518
0,.032615636,.032933403
0,.032336134,.03293141
0,.032164346,.032897986
0,.032114111,.032896776
0,.032782499,.032947611
0,.032794073,.033038847
0,.033330783,.032950982
0,.032407999,.032859538
0,.031768735,.032632157
0,.032397412,.032564037
0,.031504128,.032753166
0,.032347474,.032713499
0,.032196317,.032872818
0,.032444421,.032914527
0,.032012071,.032913342
0,.032768197,.03286171
0,.03290524,.032948017
0,.031519119,.032872424
0,.032062989,.032617927
0,.031875957,.032772686
0,.031768788,.03285405
0,.031929761,.032838605
0,.031729378,.032898415
0,.031786472,.032917026
0,.033400223,.032939542
1,.03269206,.033044178
0,.032220386,.032697462
0,.031766005,.032416862
0,.030626321,.032356426
0,.032148734,.032311473
0,.031603552,.032607403
0,.031986199,.032543771
0,.031597383,.032507915
0,.031467307,.032478455
0,.032344226,.032492831
0,.031141832,.032596968
0,.032321598,.03240744
0,.031263877,.032534719
0,.03151647,.032422252
0,.031632103,.032449827
0,.031132966,.032527965
0,.031771459,.032488212
1,.031651229,.032594837
0,.032036506,.032576144
0,.032044653,.032537829
0,.030477682,.032441292
0,.030431541,.032229982
0,.032525573,.032408953
0,.029047428,.032791633
0,.035860937,.032326553
0,.029486449,.033037685
0,.030877747,.03205071
0,,
0,,
0,,
0,,.033038076
0,,.033038076
0,.032851059,.033038076
0,.032851007,.03303808
0,.03285104,.033038072
0,.032851014,.033038076
0,.032851055,.033038072
0,.032850984,.033038076
0,.03285104,.033038069
0,.032851018,.033038076
0,.032851055,.033038076
0,.032850992,.033038076
0,.032851048,.033038069
0,.032851011,.033038076
0,.03285104,.033038072
0,.032850996,.033038072
0,.032851048,.033038069
0,.032851007,.033038076
0,.032851052,.033038072
0,.032850996,.033038076
0,.03285104,.033038069
0,.032850992,.033038072
0,.032851033,.033038069
0,.03285104,.033038076
0,.032851022,.033038076
0,.032851007,.033038069
0,.032850988,.033038065
0,.032851063,.033038069
0,.032850996,.03303808
0,.032851018,.033038069
0,.03285107,.033038069
0,.032850865,.033038076
0,.032851119,.033038054
0,.032850944,.033038091
1,.032851119,.033038072
0,.032851022,.03303808
0,.032850917,.033038065
0,.032851029,.03303805
0,.032850977,.033038076
0,.032851025,.033038076
0,.032851104,.033038072
0,.032850888,.033038076
0,.032851111,.033038046
0,.032850981,.033038072
0,.03285107,.033038057
0,.032850869,.033038054
0,.03285104,.033038035
0,.032851014,.033038069
0,.03285094,.033038069
0,.032851052,.03303805
0,.03285097,.033038072
0,.032851093,.033038065
0,.032850932,.033038069
0,.032850977,.033038046
0,.032850917,.033038057
0,.032851052,.033038069
0,.032850996,.033038087
0,.032851201,.033038072
0,.032850783,.03303808
0,.032851133,.03303802
0,.032850906,.033038069
0,.032851078,.03303805
0,.032850962,.033038057
0,.032851048,.033038046
0,.03285091,.033038054
0,.032850988,.033038039
0,.032850936,.033038057
0,.032851115,.033038061
0,.032850966,.03303808
0,.032851048,.03303805
0,.032850958,.033038054
0,.032850958,.03303805
0,.032850936,.03303805
0,.03285107,.033038061
0,.03285088,.03303808
0,.032851193,.033038057
0,.032850847,.033038087
0,.032850962,.033038042
0,.032851137,.033038057
0,.032850832,.033038091
0,.032850944,.033038039
0,.032851137,.033038061
0,.032850701,.033038098
0,.032851197,.033038035
0,.032850999,.033038098
0,.032850988,.033038069
0,.032850757,.033038031
0,.032851081,.03303802
0,.032850415,.03303808
0,.03285132,.033038024
0,.032850645,.033038151
0,.032851037,.033038069
0,.032850593,.033038091
0,.03285145,.033038069
0,.032850519,.033038151
0,.032851003,.033037994
0,.032850631,.033038035
0,.032851063,.033038024
0,.032850072,.03303805
0,.032850668,.033037946
0,.032850273,.033038083
0,.032851234,.03303811
0,.032850746,.033038195
0,.032850053,.033038057
0,.032850973,.033037938
0,.032850165,.033038102
0,.032850146,.033037983
0,.032851148,.033037953
0,.032849398,.033038083
0,.032854266,.033037819
0,.032848351,.033038188
0,.032849513,.033037197
0,.03284974,.033037376
0,.032850739,.033037838
0,.03284923,.033037901
0,.032849982,.033037625
0,.032850184,.033037845
0,.032851133,.033037979
0,.032850582,.033037942
0,.032849323,.033037674
0,.032850437,.033037469
0,.032849174,.033037685
0,.032851521,.033037566
0,.032848362,.033037748
0,.032850225,.033037331
0,.032848772,.03303761
0,.032851975,.033037614
0,.032848828,.033037879
0,.032849971,.033037338
0,.032849543,.033037443
0,.032849871,.033037543
0,.032848191,.033037521
0,.032849971,.033037368
0,.03284907,.033037741
0,.032848757,.033037689
0,.032850258,.033037625
0,.032850765,.033037864
0,.032847758,.033037733
0,.032849003,.03303716
0,.032849181,.033037458
0,.032848947,.033037622
0,.032849465,.033037424
0,.032847203,.033037376
0,.032850284,.033037137
0,.03284733,.033037521
0,,
1,,
0,,
0,,
0,,
0,,
0,,
0,,.033038076
0,,.033038076
0,.032851025,.033038076
0,.03285104,.033038076
0,.032851025,.033038076
0,.032851037,.033038076
0,.032851025,.033038076
0,.032851033,.033038076
0,.032851033,.033038076
0,.032851025,.033038076
0,.032851037,.033038076
0,.032851029,.033038076
0,.032851029,.033038076
1,.032851033,.033038076
0,.032851033,.033038076
0,.032851029,.033038076
0,.032851025,.033038076
0,.032851033,.033038076
0,.032851022,.033038076
0,.032851022,.033038076
0,.032851055,.033038076
0,.032851007,.03303808
0,.032851011,.033038072
0,.032851063,.033038072
1,.032851025,.033038083
0,.032851025,.033038076
0,.032851029,.033038072
0,.032851025,.033038076
0,.032851014,.033038072
0,.032850988,.033038072
1,.0328511,.033038072
0,.032850984,.033038087
0,.032851033,.033038069
0,.032850999,.033038072
0,.032851037,.033038072
0,.032851018,.033038076
0,.032851022,.033038072
0,.032851003,.033038072
0,.032851011,.033038072
0,.032851011,.033038076
0,.032851059,.033038076
0,.032850992,.03303808
0,.032851048,.033038065
1,.032851003,.033038072
0,.032850925,.033038065
0,.032851096,.033038057
0,.032850947,.033038083
0,.032851074,.033038065
0,.032850966,.033038072
0,.032850977,.033038061
1,.032851085,.033038061
0,.032850951,.033038076
0,.032851025,.033038054
0,.032850921,.033038061
0,.032850988,.033038057
0,.032851122,.033038069
0,.032850999,.033038083
0,.032850996,.03303805
0,.032850951,.033038042
0,.032850962,.033038046
0,.032850962,.033038054
0,.032851037,.033038061
0,.032850899,.033038069
0,.032851063,.033038054
0,.032850888,.033038076
0,.032850925,.033038061
0,.032850817,.033038072
0,.032851245,.033038083
0,.032852616,.033038132
0,.032849226,.033038162
0,.032851681,.033037644
0,.032850266,.033038057
0,.032851197,.033038035
0,.032850925,.033038072
0,.032851059,.03303808
0,.032850958,.033038095
0,.032851081,.033038083
0,.032851089,.033038098
0,.03285094,.033038087
0,.032850884,.033038057
0,.032850996,.033038065
0,.032850977,.033038098
0,.032850966,.033038095
0,.032850947,.033038083
0,.032850966,.033038083
0,.032850742,.033038087
0,.032850958,.033038069
0,.032851007,.03303811
0,.032850981,.033038113
0,.032850832,.033038076
0,.032850731,.033038042
0,.032850906,.033038042
0,.032850657,.033038076
0,.03285094,.033038042
0,.032850172,.033038072
0,.032850504,.033038005
0,.032851726,.03303811
0,.032851908,.033038247
0,.032849681,.033038035
0,.032850828,.03303761
0,.032850355,.033037871
0,.032850422,.033037927
0,.032850925,.033037886
0,.032850873,.033037964
0,.032850191,.033037931
0,.032850567,.033037815
0,.032850411,.033037916
0,.032850571,.033037949
0,.032849159,.033037957
0,.032850135,.033037871
0,.032851741,.033038165
0,.03285031,.033038367
0,.032850496,.033037949
0,.03285072,.033037871
0,.032850679,.033037931
0,.03285021,.0330378
0,.032847181,.033037622
0,.032853737,.033037435
0,.032848444,.033038367
0,.032851309,.033037491
1,.032849975,.033037581
0,.032850016,.033037573
0,.03284993,.033037454
0,.032850243,.033037439
0,.032850079,.033037495
0,.032850202,.033037443
0,.032850038,.033037424
0,.032849763,.033037409
0,.032849606,.033037405
0,.032849949,.033037476
0,.032850236,.03303761
0,.032850027,.033037674
0,.032850422,.033037633
0,.032850407,.033037677
0,.032849703,.033037648
0,.032850225,.033037543
0,.032849994,.033037659
0,.032850545,.03303767
0,.032849696,.033037696
0,.03284999,.033037584
0,.032850262,.033037666
0,,
0,,
0,,
0,,.033037506
0,,.033037651
0,.032854743,.033037923
0,.032847367,.033039056
1,.032856021,.0330378
0,.032846276,.033038348
0,.032852747,.033037078
0,.032850266,.033037674
0,.032844134,.033037402
0,.032847945,.033036627
0,.03285275,.033037938
0,.032847892,.033038855
0,.032852411,.033037636
0,.032844059,.033037897
0,.032850809,.033037193
0,.032847684,.033038214
0,.032847486,.033037949
0,.032840956,.0330377
0,.032862686,.033037558
0,.032848071,.033040106
0,.032840062,.03303666
0,.032840617,.033034921
0,.032840241,.03303716
0,.0328408,.033038616
0,.032847244,.033039149
0,.0328307,.033040211
0,.032886397,.033038665
1,.032821041,.033043683
0,.032869663,.033032391
0,.032818232,.033036098
0,.032837927,.033031341
0,.032744281,.033033967
0,.032943167,.033030652
0,.032792505,.033058386
0,.032811526,.033033606
0,.032910585,.033031795
0,.032781851,.033049852
0,.032850288,.033026703
0,.032835778,.033031479
0,.032807507,.033034027
0,.032849755,.033026729
0,.032809719,.033030976
0,.032940071,.033025853
0,.03277377,.033033155
0,.032908309,.033003762
0,.032905195,.033015337
0,.032469686,.033009972
0,.032975432,.03296468
1,.032861575,.033061627
0,.032772291,.033052105
0,.032874178,.033012033
0,.032829732,.03303735
0,.032852788,.033039242
0,.032752331,.033030976
0,.032847032,.033022337
0,.032778699,.033043895
0,.032927126,.033040218
0,.032779735,.033050727
1,.032850169,.033026315
0,.032873496,.033031486
0,.032811657,.033034157
0,.032851964,.033015978
0,.03272064,.03301673
0,.032823369,.03300732
0,.032764666,.03302848
0,.032845225,.033028811
0,.032818109,.033036556
0,.032928873,.03303133
0,.032905947,.033033099
0,.032703791,.033010967
0,.03273866,.032977197
0,.032825097,.033001725
0,.032904822,.033030998
0,.032715421,.033028465
0,.032829288,.032996025
0,.032818679,.033021979
0,.032583565,.033030573
0,.033093769,.033007775
0,.032599621,.033079177
0,.032760095,.033011805
0,.032988414,.033031017
0,.032535657,.033077609
0,.032837063,.033006724
0,.033123154,.033051834
0,.032828197,.033083409
0,.032587275,.032983027
0,.032615039,.032940436
0,.032589842,.032998443
0,.032740783,.033032209
0,.032981433,.033056989
0,.032783069,.03307052
0,.032863345,.033008095
0,.032514077,.032990139
0,.032659568,.032954417
0,.03284622,.032992382
0,.03277991,.033022363
0,.032260671,.032979488
0,.032627493,.032921679
0,.032753706,.033028811
0,.032689489,.033065204
0,.032333788,.033010431
0,.03287743,.032969546
0,.032904439,.033062022
0,.032889992,.033019766
0,.03237623,.03291839
0,.032486204,.032829814
0,.032079265,.032878324
0,.032680206,.032883558
0,.032718819,.032986574
0,.032147702,.03297513
0,.032733064,.032872919
0,.032212619,.032971602
0,.032057662,.032924797
0,.032675914,.032915767
0,.031406168,.033037834
0,.031142669,.032911126
0,.034007717,.033016816
0,.032633688,.033449836
1,.033750292,.03301876
0,.033032678,.032813285
0,.032194845,.032567397
0,.03282335,.032307558
0,.029548125,.032338202
0,.033034258,.032072369
0,.031414222,.032757137
0,.031259555,.032686852
0,.031339474,.032645129
0,.033893812,.03293528
0,.03080748,.033299789
0,.033529799,.032755174
0,.030922933,.033037335
0,.032063968,.032801174
0,.031267017,.032911766
0,.032088734,.032923952
0,.031413481,.033016473
0,.032320835,.032905869
0,.033905108,.032942556
0,.029607955,.03289732
0,.032516193,.032131162
0,.031038016,.032562751
0,.031770576,.032474387
0,.034665558,.03235659
0,.026859069,.032466352
0,.031786632,.031397656
0,.030600743,.032444526
,,
,,
,,
,,
,,
,,
,,
,,
,,
,,
,,
,,
,,
,,
,,
,,
,,
,,
,,
,,
,,
,,
,,
,,
,,
,,
,,
,,
,,
,,
,,
,,
,,
,,
,,
,,
,,
,,
,,
,,
,,
,,
,,
,,
,,
,,
,,
,,
,,
,,
0,,
0,,
0,,
0,,
0,,
0,,
0,,
0,,
0,,
0,,
0,,
0,,
0,,
0,,
0,,
0,,.033034123
0,,.033035669
0,.032842413,.033031683
0,.032843299,.033032365
0,.032838922,.033033557
0,.032864328,.033032626
0,.032839179,.033034407
0,.032835297,.03302943
0,.032853965,.03302886
0,.032817498,.033033051
0,.032853801,.033029426
0,.032819264,.033035368
0,.032821666,.033033941
0,.032884605,.033036988
0,.03283599,.033046316
0,.032842487,.033035841
0,.032846138,.033034023
0,.032877181,.033037372
0,.032815244,.033037998
0,.032833584,.033026595
0,.032836128,.033031382
0,.032862257,.033036541
0,.032831494,.033037305
0,.032853305,.033030763
0,.032807436,.033033311
0,.032849692,.033030272
0,.032847051,.033037309
0,.032834608,.033037201
0,.032840695,.033032868
0,.032829553,.033034146
0,.032872561,.033034142
0,.032811411,.033037312
0,.03284375,.033027463
0,.03280101,.033032063
0,.032880351,.03303146
0,.032842834,.033040348
0,.032845654,.033031207
0,.032763317,.033026304
0,.032852862,.033021931
0,.032867987,.033040326
0,.032857813,.033040352
0,.032785773,.033027887
0,.032848042,.033019055
0,.03274563,.033033434
0,.032859772,.033026993
0,.032892842,.033044294
0,.032805935,.033045255
0,.032883283,.033022303
0,.032765325,.033028807
0,.032837637,.033017211
0,.032811783,.033027094
0,.032821145,.033027798
0,.032824337,.033026904
0,.032793436,.033028007
0,.032810155,.033025935
0,.03283149,.03303111
0,.032848865,.033034846
0,.03280478,.033031493
0,.032798886,.033021074
0,.032788411,.033021688
0,.032762334,.033025268
0,.032764796,.033026349
0,.032672245,.033033367
0,.032817338,.033034742
0,.032483995,.033063374
0,.033105634,.033039022
0,.032673728,.033116952
0,.032963783,.033040304
0,.032704841,.033034239
0,.031942278,.032997057
0,.032617867,.03293914
0,.032520562,.033122078
0,.033111878,.033154018
1,.033578396,.033154156
0,.032439664,.033084914
0,.033957839,.032815423
0,.031500805,.032904707
0,.032447223,.032575216
0,.032449994,.032754295
0,.03307569,.032907862
0,.032360792,.032926451
0,.032619249,.032794151
0,.032412212,.032868706
0,,
0,,
0,,
0,,.033014771
0,,.033046398
0,.032998484,.032875422
0,.032880694,.033068132
0,.033135571,.033091497
0,.032414813,.033023927
0,.032922376,.03291985
0,.032530308,.033024918
0,.032871652,.033006977
0,.032632224,.033034459
0,.0326708,.033019666
0,.032728352,.033034902
0,.032835562,.03306029
0,.033114724,.033063661
0,.032275125,.033051506
0,.032807127,.032923605
0,.033354536,.033021394
1,.032386258,.033072643
0,.032504909,.032858148
0,.033626217,.032892782
0,.032183256,.033057496
0,.032579631,.032791853
0,.032404125,.032849003
0,.033051461,.03296103
0,.032744624,.033037838
0,.032718409,.032951832
0,.032613393,.032934491
0,.032686777,.032963905
0,.032797009,.032996416
0,.032774225,.03301305
0,.032673951,.033002362
0,,.032991454
0,,
0,,
0,,
0,,
0,,
0,,
0,,
0,,
0,,
0,,
0,,
0,,
0,,
0,,
0,,
1,,
0,,
0,,
1,,.032199759
0,,.033016354
0,.032844819,.03264929
0,.032163471,.032827049
0,.031882856,.032956976
0,.032006912,.032970052
0,.033761472,.033109851
0,.032436155,.033350185
1,.03326153,.033031814
0,.03016239,.032998465
0,.035426654,.032750573
0,.030850183,.033444218
0,.03240272,.032752085
0,.033395775,.032841846
0,.03328111,.033124644
0,.029639596,.032835454
0,.032596629,.032318261
0,.030296655,.033041526
0,.038974792,.033004139
0,.030549815,.03360308
0,.031513326,.032076329
0,.029365102,.032087959
0,.032980919,.032506876
0,.030986987,.033173755
0,.03352236,.032858007
0,.025165018,.033039466
0,.049094792,.032347046
0,.02235499,.034943756
0,.039219767,.031178081
0,.028317077,.033141606
0,.033377465,.032601595
0,.028834863,.032595027
0,.031028789,.032277025
0,.032294169,.032813638
0,.027062519,.033058885
0,.034190852,.03232627
0,.032815382,.033463977
0,.024236549,.033031579
0,.042584144,.031574138
0,.020097233,.034023076
0,.036157709,.031059114
0,.02558667,.033378664
0,.029739052,.032726794
0,.027381042,.032794338
0,.039509788,.032804593
0,.017236024,.033596873
0,.024589526,.030048152
0,.038502295,.032755606
0,.015461084,.035577029
0,.023254501,.030641785
0,.013006696,.033315931
0,.3837215,.034314834
0,.0045251586,.045793816
0,.030540178,.019746054
0,.024903875,.024949139
0,.021929108,.030674845
0,.027667673,.026716156
0,.010165765,.026292766
0,.023272488,.02546707
0,.031981941,.030827904
0,.026934376,.032396045
0,.041541182,.02880612
0,.025052322,.02838009
0,.01240093,.025391776
0,.031645462,.023479942
0,.012179029,.028423758
0,.039049443,.026332142
0,.023185257,.029922614
0,.0084791882,.027933083
0,.041055184,.025205605
0,.020307887,.033916414
0,.031042976,.030819952
0,.01269907,.029172143
0,.016943146,.027193015
0,.0056697959,.030265985
0,.009663986,.030181497
0,.0078957295,.037513047
0,.019609796,.042623371
0,.088337161,.048032142
0,.018899551,.048092484
0,.062286433,.028742943
0,.0049457601,.025562977
0,.0040455582,.017082443
0,.0039066253,.017381925
0,.0057205185,.021796634
1,.015132082,.024947969
0,.011783031,.026490338
0,.053019237,.02219349
0,.014655932,.020802623
0,.02732544,.013192173
0,.0015668371,.01087714
0,.016836772,.007640034
0,.0016960758,.011235816
0,.009980116,.0096840607
0,.0060209716,.012651575
0,,
0,,
0,,
0,,
0,,
0,,
0,,
0,,
0,,
0,,
0,,
0,,
0,,
1,,
0,,
0,,
0,,
0,,
0,,
0,,
1,,
0,,
0,,
0,,
0,,
0,,
0,,
0,,
0,,
0,,
0,,
0,,
0,,
0,,.033075452
0,,.03315489
0,.032339033,.0329227
0,.03253182,.032880805
0,.03315144,.033011492
0,.031742573,.033070676
0,.033005718,.032857981
0,.032263581,.03307078
0,.030913953,.033031318
0,.037912432,.032920364
1,.029253008,.03364522
0,.035494819,.032294322
0,.031955935,.032945212
0,.031102661,.032694951
0,.032291487,.032428812
0,.031633884,.032890476
0,.032310508,.033014126
1,.032125589,.033110749
0,.032476548,.033169325
0,.029046219,.033243719
0,.040598631,.032999698
1,.03087429,.034256332
0,.033297043,.032461744
0,.029277597,.032284614
0,.031907175,.032356136
0,.033378541,.032957479
0,.029089762,.033120606
0,.035547335,.032478418
1,.037479054,.033380304
0,.026458994,.033094469
0,.032110337,.031146798
0,.032973949,.032554574
0,.033942655,.033237003
0,,.032624591
0,,
0,,
0,,
0,,
0,,
0,,
0,,
0,,
0,,
0,,
0,,
0,,
0,,.033700299
0,,.031353194
0,.034678794,.03162438
0,.015669037,.033337872
0,.041934043,.030623741
0,.023518402,.035342328
0,.023362596,.033016372
0,.02567796,.032082245
0,.051513717,.033887204
0,.019102523,.035461333
0,.04301608,.02882766
0,.010361718,.030666459
0,.02108125,.027036674
0,.014186157,.031233601
0,.036415841,.032913789
0,.016146909,.036216713
0,.016123064,.031625163
0,.030670574,.03169819
0,.01475622,.035309289
0,.0063410173,.030444372
0,.0080517372,.028242249
0,.058186747,.034852073
0,.0095204096,.044100095
0,.0035892448,.02859807
0,.0070109586,.025104595
0,.018469434,.034869641
0,.054262076,.03873774
0,.0044432492,.031594109
1,.11449187,.017696341
0,.0064719585,.022076653
0,.0011218004,.01205267
0,.0034298669,.0087446235
0,.0046083406,.014537483
0,.0094284313,.017704256
0,.011636207,.016763611
0,.11905006,.015248397
0,.00010523725,.015507685
0,.013574784,.0057827262
0,.00004253312,.014166155
0,.0062350673,.012480075
0,.0015554195,.029027652
0,.18117858,.031740133
0,.0006767778,.039456021
0,.12972526,.01397549
0,.010020642,.020152451
0,.0011396555,.011039866
0,.0007262025,.0055706608
0,.00047411394,.0069234688
0,.000017705061,.0097181508
0,.00025968184,.0099739544
0,.0013098009,.026155341
0,.00020599557,.044796739
0,.085740544,.031620871
0,.000032956585,.048517607
0,.000063801141,.013290325
0,5.0015058e-07,.014147614
0,4.4485447e-11,.017681597
0,4.2829606e-06,.022112755
0,.017982032,.33255419
1,.99999374,.53716737
0,.0024276569,.19530331
0,.000013243368,.00049707788
0,.042185131,.000048394166
0,.0052434355,.00011568692
0,5.5369500e-09,.000013263389
0,1.2722743e-11,6.3559889e-07
0,2.4334798e-07,2.0797156e-06
0,1.2158100e-06,.000098479541
0,.000032110558,.00022222249
0,,
0,,
0,,
0,,.033035148
0,,.033036876
0,.032836486,.033039849
0,.032853048,.033035796
0,.032829359,.033037264
0,.032856602,.03303571
0,.032853,.033039026
0,.032853436,.033037212
0,.032789215,.033034068
0,.032847244,.033028632
0,.032885093,.033041935
0,.032815527,.033045612
0,.032842979,.033029463
0,.03284654,.033033859
0,.03282439,.033038046
0,.032794662,.033032704
0,.032883,.033031914
0,.032825273,.033046279
0,.03285332,.033034749
0,.032840244,.033032302
1,.032866076,.033031125
0,.032784909,.033029851
0,.032851715,.033018142
0,.032819502,.033029448
0,.032851759,.033027861
0,.032828763,.033027753
0,.032846633,.033024181
0,.032798301,.033025339
0,.03284293,.033021048
0,.032846577,.033029303
0,.032812014,.033030234
0,.032829266,.033023685
0,.032850653,.033028971
0,.032821786,.033033829
0,.032820717,.033027895
0,.032848131,.033028997
0,.032851774,.03303542
0,.032821234,.033032946
0,.032829866,.033026014
0,.032834794,.033029359
0,.032850195,.033032306
0,.032835115,.033031818
0,.032858469,.033027351
0,.032761272,.033028364
0,.032925233,.033019327
0,.032736223,.033041071
0,.032878026,.033018071
0,.032870624,.033035878
0,.03269022,.033037502
0,.032986946,.03301334
0,.032715764,.03305627
0,.032912452,.033022564
0,.032821301,.03303827
0,.032796405,.033031926
0,.032828156,.033023413
0,.032888342,.033033196
0,.032731298,.033038933
0,.032823138,.033015028
0,.032928176,.033034388
0,.032777447,.033049107
0,.03285487,.033014171
0,.032794002,.033020485
0,.032791682,.033021159
0,.032856196,.033020694
0,.032821041,.033030141
0,.032756977,.033022325
0,.032882795,.033014596
0,.032812748,.033035368
0,.032885693,.033022434
0,.03278666,.033019803
0,.032859422,.033006225
0,.032764535,.03301448
0,.032831538,.033006303
0,,.03301746
0,,
0,,
0,,
0,,
0,,.033025816
0,,.03304128
0,.032699693,.03303232
0,.032759752,.032995407
0,.032786418,.033020277
0,.03299316,.033043709
0,.0327585,.033053461
0,.032762125,.033002816
0,.032881521,.033005953
0,.032691799,.033035632
0,.032912895,.033008132
0,.032731272,.033032294
0,.032778628,.033014104
0,.032799888,.033019152
0,.032747339,.033032045
0,.032850116,.033026494
0,.032733642,.033037186
0,.032772094,.033021849
0,.03281951,.033027258
0,.032790389,.033035435
0,.032815341,.033021305
0,.032720741,.03301347
0,.032507915,.032999687
0,.032838494,.032991271
0,.032971788,.033056676
0,.032642141,.03305269
0,.032796681,.032967944
0,.032653283,.032987755
0,.032632239,.032986153
0,.032907613,.032981116
0,.032473683,.033012383
0,.033057984,.032951795
0,.032447048,.033011563
0,.032316759,.032931782
0,.032441124,.032938018
0,.033047851,.033040371
0,.032560095,.033118993
0,.032117333,.032994594
1,.031345241,.032950133
0,.034403529,.033020791
0,.032205701,.033433642
0,.033175051,.032966781
0,.031917386,.032905512
0,.031887699,.032828469
0,.032670673,.032866668
0,.032100856,.033015173
0,.032007977,.032908551
0,.032286488,.032882728
0,.031585235,.032972116
0,.03310366,.032905117
0,.031780805,.033053651
0,.030925026,.032807771
0,.031061705,.032708775
0,.032058742,.032961953
0,.031548355,.033186082
0,.031728491,.033016689
0,.028625939,.032953598
0,.033641838,.032722298
0,.031794567,.033510055
0,.0339876,.033010647
0,.029835813,.032636158
0,.030751161,.031902187
0,.029300738,.0320451
0,.03033209,.032066997
0,.027438322,.03225195
0,.033660512,.032094713
0,.032959178,.032991778
