year,country,crisisJST,yhat_base_insample,yhat_base_outsample,yhat_baseline_insample,yhat_baseline_outsample,yhat_baselineInsample,yhat_baselineOutsample,yhat_baselineIn_cred,yhat_baselineOut_cred
1985,USA,0,,,,,,,,
1986,USA,0,,,,,,,,
1987,USA,0,,,,,,,,
1988,USA,0,.05914386,.052037399,.05914386,.052037399,.05914386,.052037399,.05914386,.052037399
1989,USA,0,.038126048,.037814822,.038126048,.037814822,.038126048,.037814822,.038126048,.037814822
1990,USA,0,,,,,,,,
1991,USA,0,,,,,,,,
1992,USA,0,,,,,,,,
1993,USA,0,,,,,,,,
1994,USA,0,,,,,,,,
1995,USA,0,,,,,,,,
1996,USA,0,,,,,,,,
1997,USA,0,,,,,,,,
1998,USA,0,.049866412,.037937332,.049866412,.037937332,.049866412,.037937332,.049866412,.037937332
1999,USA,0,.039555311,.038499195,.039555311,.038499195,.039555311,.038499195,.039555311,.038499195
2000,USA,0,.047077931,.041514885,.047077931,.041514885,.047077931,.041514885,.047077931,.041514885
2001,USA,0,.051640041,.040044557,.051640041,.040044557,.051640041,.040044557,.051640041,.040044557
2002,USA,0,.053616483,.049013849,.053616483,.049013849,.053616483,.049013849,.053616483,.049013849
2003,USA,0,.032675657,.032630242,.032675657,.032630242,.032675657,.032630242,.032675657,.032630242
2004,USA,0,.041055072,.040956419,.041055072,.040956419,.041055072,.040956419,.041055072,.040956419
2005,USA,0,.03647083,.03165736,.03647083,.03165736,.03647083,.03165736,.03647083,.03165736
2006,USA,0,.0593803,.044894878,.0593803,.044894878,.0593803,.044894878,.0593803,.044894878
2007,USA,1,.049887083,.040071927,.049887083,.040071927,.049887083,.040071927,.049887083,.040071927
2008,USA,0,.04555428,.040491231,.04555428,.040491231,.04555428,.040491231,.04555428,.040491231
2009,USA,0,,,,,,,,
2010,USA,0,,,,,,,,
2011,USA,0,,,,,,,,
2012,USA,0,,,,,,,,
2013,USA,0,,,,,,,,
2014,USA,0,,,,,,,,
2015,USA,0,,,,,,,,
2016,USA,0,,,,,,,,
2017,USA,0,.059110425,.040942036,.059110425,.040942036,.059110425,.040942036,.059110425,.040942036
1985,UK,0,.055047512,.045593794,.055047512,.045593794,.055047512,.045593794,.055047512,.045593794
1986,UK,0,.049855679,.049645863,.049855679,.049645863,.049855679,.049645863,.049855679,.049645863
1987,UK,0,.040253446,.040928472,.040253446,.040928472,.040253446,.040928472,.040253446,.040928472
1988,UK,0,.046457067,.0456784,.046457067,.0456784,.046457067,.0456784,.046457067,.0456784
1989,UK,0,.040846583,.038571935,.040846583,.038571935,.040846583,.038571935,.040846583,.038571935
1990,UK,0,.052918401,.04785081,.052918401,.04785081,.052918401,.04785081,.052918401,.04785081
1991,UK,1,.059389398,.056069486,.059389398,.056069486,.059389398,.056069486,.059389398,.056069486
1992,UK,0,,,,,,,,
1993,UK,0,,,,,,,,
1994,UK,0,,,,,,,,
1995,UK,0,,,,,,,,
1996,UK,0,,,,,,,,
1997,UK,0,,,,,,,,
1998,UK,0,,,,,,,,
1999,UK,0,.032607555,.026977489,.032607555,.026977489,.032607555,.026977489,.032607555,.026977489
2000,UK,0,.043546423,.059471775,.043546423,.059471775,.043546423,.059471775,.043546423,.059471775
2001,UK,0,.029985726,.030819455,.029985726,.030819455,.029985726,.030819455,.029985726,.030819455
2002,UK,0,.079946138,.051684398,.079946138,.051684398,.079946138,.051684398,.079946138,.051684398
2003,UK,0,.047405344,.040296827,.047405344,.040296827,.047405344,.040296827,.047405344,.040296827
2004,UK,0,.052026965,.048170406,.052026965,.048170406,.052026965,.048170406,.052026965,.048170406
2005,UK,0,.042138167,.040992223,.042138167,.040992223,.042138167,.040992223,.042138167,.040992223
2006,UK,0,.047800042,.046809055,.047800042,.046809055,.047800042,.046809055,.047800042,.046809055
2007,UK,1,.037995987,.037967317,.037995987,.037967317,.037995987,.037967317,.037995987,.037967317
2008,UK,0,.046411,.04534436,.046411,.04534436,.046411,.04534436,.046411,.04534436
2009,UK,0,.078098305,.081449158,.078098305,.081449158,.078098305,.081449158,.078098305,.081449158
2010,UK,0,,,,,,,,
2011,UK,0,,,,,,,,
2012,UK,0,,,,,,,,
2013,UK,0,,,,,,,,
2014,UK,0,,,,,,,,
2015,UK,0,,,,,,,,
2016,UK,0,,,,,,,,
2017,UK,0,,,,,,,,
1985,Belgium,0,,,,,,,,
1986,Belgium,0,,,,,,,,
1987,Belgium,0,,,,,,,,
1988,Belgium,0,,,,,,,,
1989,Belgium,0,,,,,,,,
1990,Belgium,0,,,,,,,,
1991,Belgium,0,.070956834,.027796457,.070956834,.027796457,.070956834,.027796457,.070956834,.027796457
1992,Belgium,0,.045223478,.020904992,.045223478,.020904992,.045223478,.020904992,.045223478,.020904992
1993,Belgium,0,,,,,,,,
1994,Belgium,0,,,,,,,,
1995,Belgium,0,,,,,,,,
1996,Belgium,0,,,,,,,,
1997,Belgium,0,,,,,,,,
1998,Belgium,0,,,,,,,,
1999,Belgium,0,,,,,,,,
2000,Belgium,0,,,,,,,,
2001,Belgium,0,,,,,,,,
2002,Belgium,0,,,,,,,,
2003,Belgium,0,,,,,,,,
2004,Belgium,0,,,,,,,,
2005,Belgium,0,,,,,,,,
2006,Belgium,0,,,,,,,,
2007,Belgium,0,,,,,,,,
2008,Belgium,1,,,,,,,,
2009,Belgium,0,.059448633,.031058818,.059448633,.031058818,.059448633,.031058818,.059448633,.031058818
2010,Belgium,0,,,,,,,,
2011,Belgium,0,,,,,,,,
2012,Belgium,0,,,,,,,,
2013,Belgium,0,,,,,,,,
2014,Belgium,0,,,,,,,,
2015,Belgium,0,,,,,,,,
2016,Belgium,0,,,,,,,,
2017,Belgium,0,,,,,,,,
1985,Denmark,0,,,,,,,,
1986,Denmark,0,,,,,,,,
1987,Denmark,1,,,,,,,,
1988,Denmark,0,.062874615,.051746041,.062874615,.051746041,.062874615,.051746041,.062874615,.051746041
1989,Denmark,0,.11925799,.12435086,.11925799,.12435086,.11925799,.12435086,.11925799,.12435086
1990,Denmark,0,.026948018,.040264625,.026948018,.040264625,.026948018,.040264625,.026948018,.040264625
1991,Denmark,0,.017243456,.044312436,.017243456,.044312436,.017243456,.044312436,.017243456,.044312436
1992,Denmark,0,,,,,,,,
1993,Denmark,0,,,,,,,,
1994,Denmark,0,,,,,,,,
1995,Denmark,0,,,,,,,,
1996,Denmark,0,,,,,,,,
1997,Denmark,0,,,,,,,,
1998,Denmark,0,,,,,,,,
1999,Denmark,0,,,,,,,,
2000,Denmark,0,.066725254,.054656945,.066725254,.054656945,.066725254,.054656945,.066725254,.054656945
2001,Denmark,0,.038495451,.03171587,.038495451,.03171587,.038495451,.03171587,.038495451,.03171587
2002,Denmark,0,.052828874,.052661873,.052828874,.052661873,.052828874,.052661873,.052828874,.052661873
2003,Denmark,0,.047068361,.046345323,.047068361,.046345323,.047068361,.046345323,.047068361,.046345323
2004,Denmark,0,.045957863,.040564138,.045957863,.040564138,.045957863,.040564138,.045957863,.040564138
2005,Denmark,0,.034387264,.039008513,.034387264,.039008513,.034387264,.039008513,.034387264,.039008513
2006,Denmark,0,.034367517,.034334842,.034367517,.034334842,.034367517,.034334842,.034367517,.034334842
2007,Denmark,0,.053743459,.041094057,.053743459,.041094057,.053743459,.041094057,.053743459,.041094057
2008,Denmark,1,.05271877,.038706083,.05271877,.038706083,.05271877,.038706083,.05271877,.038706083
2009,Denmark,0,.065315634,.056614261,.065315634,.056614261,.065315634,.056614261,.065315634,.056614261
2010,Denmark,0,,,,,,,,
2011,Denmark,0,,,,,,,,
2012,Denmark,0,,,,,,,,
2013,Denmark,0,,,,,,,,
2014,Denmark,0,,,,,,,,
2015,Denmark,0,,,,,,,,
2016,Denmark,0,,,,,,,,
2017,Denmark,0,,,,,,,,
1985,France,0,,,,,,,,
1986,France,0,.07046172,.042602483,.07046172,.042602483,.07046172,.042602483,.07046172,.042602483
1987,France,0,.047619831,.041344456,.047619831,.041344456,.047619831,.041344456,.047619831,.041344456
1988,France,0,.043252606,.038075116,.043252606,.038075116,.043252606,.038075116,.043252606,.038075116
1989,France,0,.041107241,.034203488,.041107241,.034203488,.041107241,.034203488,.041107241,.034203488
1990,France,0,.047546301,.039599001,.047546301,.039599001,.047546301,.039599001,.047546301,.039599001
1991,France,0,.053845637,.042696275,.053845637,.042696275,.053845637,.042696275,.053845637,.042696275
1992,France,0,,,,,,,,
1993,France,0,,,,,,,,
1994,France,0,,,,,,,,
1995,France,0,,,,,,,,
1996,France,0,,,,,,,,
1997,France,0,,,,,,,,
1998,France,0,,,,,,,,
1999,France,0,,,,,,,,
2000,France,0,,,,,,,,
2001,France,0,,,,,,,,
2002,France,0,,,,,,,,
2003,France,0,.067511581,.055035178,.067511581,.055035178,.067511581,.055035178,.067511581,.055035178
2004,France,0,,,,,,,,
2005,France,0,,,,,,,,
2006,France,0,,,,,,,,
2007,France,0,,,,,,,,
2008,France,1,,,,,,,,
2009,France,0,.057066772,.039231848,.057066772,.039231848,.057066772,.039231848,.057066772,.039231848
2010,France,0,.090915598,.077572845,.090915598,.077572845,.090915598,.077572845,.090915598,.077572845
2011,France,0,.026225129,.026735205,.026225129,.026735205,.026225129,.026735205,.026225129,.026735205
2012,France,0,.027749434,.040067066,.027749434,.040067066,.027749434,.040067066,.027749434,.040067066
2013,France,0,,,,,,,,
2014,France,0,,,,,,,,
2015,France,0,,,,,,,,
2016,France,0,,,,,,,,
2017,France,0,,,,,,,,
1985,Germany,0,.036799282,.071753643,.036799282,.071753643,.036799282,.071753643,.036799282,.071753643
1986,Germany,0,.03048557,.025035439,.03048557,.025035439,.03048557,.025035439,.03048557,.025035439
1987,Germany,0,.11844162,.05717773,.11844162,.05717773,.11844162,.05717773,.11844162,.05717773
1988,Germany,0,.050382175,.048375785,.050382175,.048375785,.050382175,.048375785,.050382175,.048375785
1989,Germany,0,.040486969,.039300002,.040486969,.039300002,.040486969,.039300002,.040486969,.039300002
1990,Germany,0,.04215071,.044776745,.04215071,.044776745,.04215071,.044776745,.04215071,.044776745
1991,Germany,0,.029131597,.027384447,.029131597,.027384447,.029131597,.027384447,.029131597,.027384447
1992,Germany,0,.066406898,.055661954,.066406898,.055661954,.066406898,.055661954,.066406898,.055661954
1993,Germany,0,.057998702,.044764433,.057998702,.044764433,.057998702,.044764433,.057998702,.044764433
1994,Germany,0,.051139783,.045617729,.051139783,.045617729,.051139783,.045617729,.051139783,.045617729
1995,Germany,0,.034461778,.045619234,.034461778,.045619234,.034461778,.045619234,.034461778,.045619234
1996,Germany,0,.032361537,.036935367,.032361537,.036935367,.032361537,.036935367,.032361537,.036935367
1997,Germany,0,.039806698,.03749688,.039806698,.03749688,.039806698,.03749688,.039806698,.03749688
1998,Germany,0,.051108282,.046196271,.051108282,.046196271,.051108282,.046196271,.051108282,.046196271
1999,Germany,0,.043053351,.034854367,.043053351,.034854367,.043053351,.034854367,.043053351,.034854367
2000,Germany,0,.0505297,.044897359,.0505297,.044897359,.0505297,.044897359,.0505297,.044897359
2001,Germany,0,.048472252,.046257861,.048472252,.046257861,.048472252,.046257861,.048472252,.046257861
2002,Germany,0,.080572702,.081692554,.080572702,.081692554,.080572702,.081692554,.080572702,.081692554
2003,Germany,0,,,,,,,,
2004,Germany,0,,,,,,,,
2005,Germany,0,,,,,,,,
2006,Germany,0,,,,,,,,
2007,Germany,0,,,,,,,,
2008,Germany,1,,,,,,,,
2009,Germany,0,,,,,,,,
2010,Germany,0,,,,,,,,
2011,Germany,0,,,,,,,,
2012,Germany,0,,,,,,,,
2013,Germany,0,,,,,,,,
2014,Germany,0,,,,,,,,
2015,Germany,0,,,,,,,,
2016,Germany,0,,,,,,,,
2017,Germany,0,,,,,,,,
1985,Italy,0,,,,,,,,
1986,Italy,0,,,,,,,,
1987,Italy,0,,,,,,,,
1988,Italy,0,,,,,,,,
1989,Italy,0,.02726485,.020259243,.02726485,.020259243,.02726485,.020259243,.02726485,.020259243
1990,Italy,1,.062785782,.034657069,.062785782,.034657069,.062785782,.034657069,.062785782,.034657069
1991,Italy,0,.030971458,.014927834,.030971458,.014927834,.030971458,.014927834,.030971458,.014927834
1992,Italy,0,.066851959,.041159075,.066851959,.041159075,.066851959,.041159075,.066851959,.041159075
1993,Italy,0,.033265177,.018873626,.033265177,.018873626,.033265177,.018873626,.033265177,.018873626
1994,Italy,0,,,,,,,,
1995,Italy,0,,,,,,,,
1996,Italy,0,,,,,,,,
1997,Italy,0,,,,,,,,
1998,Italy,0,,,,,,,,
1999,Italy,0,,,,,,,,
2000,Italy,0,,,,,,,,
2001,Italy,0,,,,,,,,
2002,Italy,0,.053622972,.028581688,.053622972,.028581688,.053622972,.028581688,.053622972,.028581688
2003,Italy,0,.054029889,.027904944,.054029889,.027904944,.054029889,.027904944,.054029889,.027904944
2004,Italy,0,.040379252,.027113136,.040379252,.027113136,.040379252,.027113136,.040379252,.027113136
2005,Italy,0,.032567993,.025382917,.032567993,.025382917,.032567993,.025382917,.032567993,.025382917
2006,Italy,0,.030212166,.01994944,.030212166,.01994944,.030212166,.01994944,.030212166,.01994944
2007,Italy,0,.041324336,.023518812,.041324336,.023518812,.041324336,.023518812,.041324336,.023518812
2008,Italy,1,.046960335,.02326685,.046960335,.02326685,.046960335,.02326685,.046960335,.02326685
2009,Italy,0,.081883602,.042788371,.081883602,.042788371,.081883602,.042788371,.081883602,.042788371
2010,Italy,0,,,,,,,,
2011,Italy,0,,,,,,,,
2012,Italy,0,,,,,,,,
2013,Italy,0,,,,,,,,
2014,Italy,0,,,,,,,,
2015,Italy,0,,,,,,,,
2016,Italy,0,,,,,,,,
2017,Italy,0,,,,,,,,
1985,Netherlands,0,,,,,,,,
1986,Netherlands,0,,,,,,,,
1987,Netherlands,0,,,,,,,,
1988,Netherlands,0,,,,,,,,
1989,Netherlands,0,.044839703,.016229849,.044839703,.016229849,.044839703,.016229849,.044839703,.016229849
1990,Netherlands,0,.092147835,.046010662,.092147835,.046010662,.092147835,.046010662,.092147835,.046010662
1991,Netherlands,0,.065977305,.038626693,.065977305,.038626693,.065977305,.038626693,.065977305,.038626693
1992,Netherlands,0,.029305827,.018481832,.029305827,.018481832,.029305827,.018481832,.029305827,.018481832
1993,Netherlands,0,.037992157,.043757383,.037992157,.043757383,.037992157,.043757383,.037992157,.043757383
1994,Netherlands,0,.025239259,.018535018,.025239259,.018535018,.025239259,.018535018,.025239259,.018535018
1995,Netherlands,0,.056119639,.029703857,.056119639,.029703857,.056119639,.029703857,.056119639,.029703857
1996,Netherlands,0,.033203591,.022072621,.033203591,.022072621,.033203591,.022072621,.033203591,.022072621
1997,Netherlands,0,.048934113,.025912872,.048934113,.025912872,.048934113,.025912872,.048934113,.025912872
1998,Netherlands,0,.044544134,.022031451,.044544134,.022031451,.044544134,.022031451,.044544134,.022031451
1999,Netherlands,0,.047453854,.024228865,.047453854,.024228865,.047453854,.024228865,.047453854,.024228865
2000,Netherlands,0,.047738474,.025126247,.047738474,.025126247,.047738474,.025126247,.047738474,.025126247
2001,Netherlands,0,.045997016,.023446126,.045997016,.023446126,.045997016,.023446126,.045997016,.023446126
2002,Netherlands,0,.068309344,.042227887,.068309344,.042227887,.068309344,.042227887,.068309344,.042227887
2003,Netherlands,0,.029696973,.019666227,.029696973,.019666227,.029696973,.019666227,.029696973,.019666227
2004,Netherlands,0,.033986893,.027553113,.033986893,.027553113,.033986893,.027553113,.033986893,.027553113
2005,Netherlands,0,.026354918,.019706525,.026354918,.019706525,.026354918,.019706525,.026354918,.019706525
2006,Netherlands,0,.051585503,.025337873,.051585503,.025337873,.051585503,.025337873,.051585503,.025337873
2007,Netherlands,0,.06411057,.033530995,.06411057,.033530995,.06411057,.033530995,.06411057,.033530995
2008,Netherlands,1,.040023886,.023289032,.040023886,.023289032,.040023886,.023289032,.040023886,.023289032
2009,Netherlands,0,.062520042,.051513378,.062520042,.051513378,.062520042,.051513378,.062520042,.051513378
2010,Netherlands,0,.014464512,.011193823,.014464512,.011193823,.014464512,.011193823,.014464512,.011193823
2011,Netherlands,0,,,,,,,,
2012,Netherlands,0,,,,,,,,
2013,Netherlands,0,,,,,,,,
2014,Netherlands,0,,,,,,,,
2015,Netherlands,0,,,,,,,,
2016,Netherlands,0,,,,,,,,
2017,Netherlands,0,,,,,,,,
1985,Norway,0,,,,,,,,
1986,Norway,0,,,,,,,,
1987,Norway,0,.039828744,.022724643,.039828744,.022724643,.039828744,.022724643,.039828744,.022724643
1988,Norway,1,.05136789,.024285773,.05136789,.024285773,.05136789,.024285773,.05136789,.024285773
1989,Norway,0,,,,,,,,
1990,Norway,0,,,,,,,,
1991,Norway,0,,,,,,,,
1992,Norway,0,,,,,,,,
1993,Norway,0,,,,,,,,
1994,Norway,0,,,,,,,,
1995,Norway,0,,,,,,,,
1996,Norway,0,,,,,,,,
1997,Norway,0,,,,,,,,
1998,Norway,0,,,,,,,,
1999,Norway,0,,,,,,,,
2000,Norway,0,.055230871,.02547727,.055230871,.02547727,.055230871,.02547727,.055230871,.02547727
2001,Norway,0,.046378497,.025832348,.046378497,.025832348,.046378497,.025832348,.046378497,.025832348
2002,Norway,0,.03795936,.025415873,.03795936,.025415873,.03795936,.025415873,.03795936,.025415873
2003,Norway,0,.040991813,.025296114,.040991813,.025296114,.040991813,.025296114,.040991813,.025296114
2004,Norway,0,.042638864,.025295837,.042638864,.025295837,.042638864,.025295837,.042638864,.025295837
2005,Norway,0,.039236389,.024128849,.039236389,.024128849,.039236389,.024128849,.039236389,.024128849
2006,Norway,0,.031312063,.018134503,.031312063,.018134503,.031312063,.018134503,.031312063,.018134503
2007,Norway,0,.047079705,.025076287,.047079705,.025076287,.047079705,.025076287,.047079705,.025076287
2008,Norway,0,.044009257,.019392833,.044009257,.019392833,.044009257,.019392833,.044009257,.019392833
2009,Norway,0,.076591961,.036881227,.076591961,.036881227,.076591961,.036881227,.076591961,.036881227
2010,Norway,0,.065357909,.042547282,.065357909,.042547282,.065357909,.042547282,.065357909,.042547282
2011,Norway,0,,,,,,,,
2012,Norway,0,,,,,,,,
2013,Norway,0,,,,,,,,
2014,Norway,0,,,,,,,,
2015,Norway,0,,,,,,,,
2016,Norway,0,.056141596,.023550341,.056141596,.023550341,.056141596,.023550341,.056141596,.023550341
2017,Norway,0,.10322683,.041700684,.10322683,.041700684,.10322683,.041700684,.10322683,.041700684
1985,Sweden,0,,,,,,,,
1986,Sweden,0,.091942929,.043399103,.091942929,.043399103,.091942929,.043399103,.091942929,.043399103
1987,Sweden,0,.01956718,.011829065,.01956718,.011829065,.01956718,.011829065,.01956718,.011829065
1988,Sweden,0,.060337882,.03370367,.060337882,.03370367,.060337882,.03370367,.060337882,.03370367
1989,Sweden,0,.036888372,.015977781,.036888372,.015977781,.036888372,.015977781,.036888372,.015977781
1990,Sweden,0,.075217344,.028309852,.075217344,.028309852,.075217344,.028309852,.075217344,.028309852
1991,Sweden,1,.054491416,.030210234,.054491416,.030210234,.054491416,.030210234,.054491416,.030210234
1992,Sweden,0,,,,,,,,
1993,Sweden,0,,,,,,,,
1994,Sweden,0,,,,,,,,
1995,Sweden,0,,,,,,,,
1996,Sweden,0,,,,,,,,
1997,Sweden,0,,,,,,,,
1998,Sweden,0,,,,,,,,
1999,Sweden,0,,,,,,,,
2000,Sweden,0,,,,,,,,
2001,Sweden,0,,,,,,,,
2002,Sweden,0,.047851168,.023807557,.047851168,.023807557,.047851168,.023807557,.047851168,.023807557
2003,Sweden,0,.063707717,.038879853,.063707717,.038879853,.063707717,.038879853,.063707717,.038879853
2004,Sweden,0,.039448135,.024945198,.039448135,.024945198,.039448135,.024945198,.039448135,.024945198
2005,Sweden,0,.02451086,.018236667,.02451086,.018236667,.02451086,.018236667,.02451086,.018236667
2006,Sweden,0,.027718699,.020931961,.027718699,.020931961,.027718699,.020931961,.027718699,.020931961
2007,Sweden,0,.051150858,.022110265,.051150858,.022110265,.051150858,.022110265,.051150858,.022110265
2008,Sweden,1,.05870977,.020568693,.05870977,.020568693,.05870977,.020568693,.05870977,.020568693
2009,Sweden,0,.058316778,.028967274,.058316778,.028967274,.058316778,.028967274,.058316778,.028967274
2010,Sweden,0,.050663196,.028896285,.050663196,.028896285,.050663196,.028896285,.050663196,.028896285
2011,Sweden,0,.035016432,.020917129,.035016432,.020917129,.035016432,.020917129,.035016432,.020917129
2012,Sweden,0,.037712358,.029230053,.037712358,.029230053,.037712358,.029230053,.037712358,.029230053
2013,Sweden,0,.030005433,.019816929,.030005433,.019816929,.030005433,.019816929,.030005433,.019816929
2014,Sweden,0,.042158097,.023138594,.042158097,.023138594,.042158097,.023138594,.042158097,.023138594
2015,Sweden,0,.037674524,.021128969,.037674524,.021128969,.037674524,.021128969,.037674524,.021128969
2016,Sweden,0,.052326392,.026313551,.052326392,.026313551,.052326392,.026313551,.052326392,.026313551
2017,Sweden,0,.039742589,.019529609,.039742589,.019529609,.039742589,.019529609,.039742589,.019529609
1985,Switzerland,0,,,,,,,,
1986,Switzerland,0,,,,,,,,
1987,Switzerland,0,,,,,,,,
1988,Switzerland,0,.048822984,.026884763,.048822984,.026884763,.048822984,.026884763,.048822984,.026884763
1989,Switzerland,0,.043315738,.024884872,.043315738,.024884872,.043315738,.024884872,.043315738,.024884872
1990,Switzerland,0,.045598481,.025617022,.045598481,.025617022,.045598481,.025617022,.045598481,.025617022
1991,Switzerland,1,.058971278,.036172174,.058971278,.036172174,.058971278,.036172174,.058971278,.036172174
1992,Switzerland,0,,,,,,,,
1993,Switzerland,0,,,,,,,,
1994,Switzerland,0,,,,,,,,
1995,Switzerland,0,,,,,,,,
1996,Switzerland,0,,,,,,,,
1997,Switzerland,0,,,,,,,,
1998,Switzerland,0,,,,,,,,
1999,Switzerland,0,.027491368,.02480253,.027491368,.02480253,.027491368,.02480253,.027491368,.02480253
2000,Switzerland,0,.031761896,.025948165,.031761896,.025948165,.031761896,.025948165,.031761896,.025948165
2001,Switzerland,0,,,,,,,,
2002,Switzerland,0,,,,,,,,
2003,Switzerland,0,,,,,,,,
2004,Switzerland,0,,,,,,,,
2005,Switzerland,0,,,,,,,,
2006,Switzerland,0,.027328216,.02146296,.027328216,.02146296,.027328216,.02146296,.027328216,.02146296
2007,Switzerland,0,.069113754,.025296709,.069113754,.025296709,.069113754,.025296709,.069113754,.025296709
2008,Switzerland,1,.057796977,.031344917,.057796977,.031344917,.057796977,.031344917,.057796977,.031344917
2009,Switzerland,0,.046521895,.027540611,.046521895,.027540611,.046521895,.027540611,.046521895,.027540611
2010,Switzerland,0,.058707755,.036378913,.058707755,.036378913,.058707755,.036378913,.058707755,.036378913
2011,Switzerland,0,,,,,,,,
2012,Switzerland,0,,,,,,,,
2013,Switzerland,0,,,,,,,,
2014,Switzerland,0,,,,,,,,
2015,Switzerland,0,,,,,,,,
2016,Switzerland,0,,,,,,,,
2017,Switzerland,0,,,,,,,,
1985,Canada,0,,,,,,,,
1986,Canada,0,,,,,,,,
1987,Canada,0,,,,,,,,
1988,Canada,0,,,,,,,,
1989,Canada,0,.044093538,.058876056,.044093538,.058876056,.044093538,.058876056,.044093538,.058876056
1990,Canada,0,.037011262,.037975222,.037011262,.037975222,.037011262,.037975222,.037011262,.037975222
1991,Canada,0,.098165073,.071438871,.098165073,.071438871,.098165073,.071438871,.098165073,.071438871
1992,Canada,0,,,,,,,,
1993,Canada,0,,,,,,,,
1994,Canada,0,,,,,,,,
1995,Canada,0,,,,,,,,
1996,Canada,0,,,,,,,,
1997,Canada,0,,,,,,,,
1998,Canada,0,,,,,,,,
1999,Canada,0,,,,,,,,
2000,Canada,0,,,,,,,,
2001,Canada,0,,,,,,,,
2002,Canada,0,,,,,,,,
2003,Canada,0,,,,,,,,
2004,Canada,0,,,,,,,,
2005,Canada,0,.035694517,.032544177,.035694517,.032544177,.035694517,.032544177,.035694517,.032544177
2006,Canada,0,.049239174,.054894809,.049239174,.054894809,.049239174,.054894809,.049239174,.054894809
2007,Canada,0,.044904042,.037808765,.044904042,.037808765,.044904042,.037808765,.044904042,.037808765
2008,Canada,0,.060226839,.0449894,.060226839,.0449894,.060226839,.0449894,.060226839,.0449894
2009,Canada,0,.04912835,.049042791,.04912835,.049042791,.04912835,.049042791,.04912835,.049042791
2010,Canada,0,.062220361,.062362291,.062220361,.062362291,.062220361,.062362291,.062220361,.062362291
2011,Canada,0,.030885099,.032335177,.030885099,.032335177,.030885099,.032335177,.030885099,.032335177
2012,Canada,0,.038485598,.05038235,.038485598,.05038235,.038485598,.05038235,.038485598,.05038235
2013,Canada,0,.038391802,.040753547,.038391802,.040753547,.038391802,.040753547,.038391802,.040753547
2014,Canada,0,.058844201,.046709683,.058844201,.046709683,.058844201,.046709683,.058844201,.046709683
2015,Canada,0,.048573751,.04958101,.048573751,.04958101,.048573751,.04958101,.048573751,.04958101
2016,Canada,0,.034751758,.037142042,.034751758,.037142042,.034751758,.037142042,.034751758,.037142042
2017,Canada,0,.051780395,.054984342,.051780395,.054984342,.051780395,.054984342,.051780395,.054984342
1985,Japan,0,,,,,,,,
1986,Japan,0,.037306137,.035345577,.037306137,.035345577,.037306137,.035345577,.037306137,.035345577
1987,Japan,0,.048813373,.047066581,.048813373,.047066581,.048813373,.047066581,.048813373,.047066581
1988,Japan,0,.063181564,.053322315,.063181564,.053322315,.063181564,.053322315,.063181564,.053322315
1989,Japan,0,.057811767,.048214484,.057811767,.048214484,.057811767,.048214484,.057811767,.048214484
1990,Japan,0,.041173432,.0486314,.041173432,.0486314,.041173432,.0486314,.041173432,.0486314
1991,Japan,0,.04201524,.055255339,.04201524,.055255339,.04201524,.055255339,.04201524,.055255339
1992,Japan,0,.070054442,.086292699,.070054442,.086292699,.070054442,.086292699,.070054442,.086292699
1993,Japan,0,.036574509,.052936383,.036574509,.052936383,.036574509,.052936383,.036574509,.052936383
1994,Japan,0,.011330515,.02062754,.011330515,.02062754,.011330515,.02062754,.011330515,.02062754
1995,Japan,0,,,,,,,,
1996,Japan,0,,,,,,,,
1997,Japan,1,,,,,,,,
1998,Japan,0,,,,,,,,
1999,Japan,0,,,,,,,,
2000,Japan,0,,,,,,,,
2001,Japan,0,,,,,,,,
2002,Japan,0,,,,,,,,
2003,Japan,0,,,,,,,,
2004,Japan,0,,,,,,,,
2005,Japan,0,,,,,,,,
2006,Japan,0,,,,,,,,
2007,Japan,0,,,,,,,,
2008,Japan,0,,,,,,,,
2009,Japan,0,,,,,,,,
2010,Japan,0,,,,,,,,
2011,Japan,0,,,,,,,,
2012,Japan,0,,,,,,,,
2013,Japan,0,,,,,,,,
2014,Japan,0,,,,,,,,
2015,Japan,0,,,,,,,,
2016,Japan,0,,,,,,,,
2017,Japan,0,,,,,,,,
1985,Finland,0,.033764839,.022583375,.033764839,.022583375,.033764839,.022583375,.033764839,.022583375
1986,Finland,0,.04822972,.026546631,.04822972,.026546631,.04822972,.026546631,.04822972,.026546631
1987,Finland,0,.045833167,.029867642,.045833167,.029867642,.045833167,.029867642,.045833167,.029867642
1988,Finland,0,.038404796,.0210368,.038404796,.0210368,.038404796,.0210368,.038404796,.0210368
1989,Finland,0,.043916177,.024469312,.043916177,.024469312,.043916177,.024469312,.043916177,.024469312
1990,Finland,0,.05435976,.03107206,.05435976,.03107206,.05435976,.03107206,.05435976,.03107206
1991,Finland,1,.061640568,.032665569,.061640568,.032665569,.061640568,.032665569,.061640568,.032665569
1992,Finland,0,,,,,,,,
1993,Finland,0,,,,,,,,
1994,Finland,0,,,,,,,,
1995,Finland,0,,,,,,,,
1996,Finland,0,,,,,,,,
1997,Finland,0,,,,,,,,
1998,Finland,0,,,,,,,,
1999,Finland,0,,,,,,,,
2000,Finland,0,,,,,,,,
2001,Finland,0,,,,,,,,
2002,Finland,0,,,,,,,,
2003,Finland,0,.054916792,.038412921,.054916792,.038412921,.054916792,.038412921,.054916792,.038412921
2004,Finland,0,.027786026,.01915497,.027786026,.01915497,.027786026,.01915497,.027786026,.01915497
2005,Finland,0,.050596155,.028616,.050596155,.028616,.050596155,.028616,.050596155,.028616
2006,Finland,0,.037057139,.022837032,.037057139,.022837032,.037057139,.022837032,.037057139,.022837032
2007,Finland,0,.049221531,.026786387,.049221531,.026786387,.049221531,.026786387,.049221531,.026786387
2008,Finland,0,.042981416,.024374468,.042981416,.024374468,.042981416,.024374468,.042981416,.024374468
2009,Finland,0,.046777863,.02784897,.046777863,.02784897,.046777863,.02784897,.046777863,.02784897
2010,Finland,0,,,,,,,,
2011,Finland,0,,,,,,,,
2012,Finland,0,,,,,,,,
2013,Finland,0,,,,,,,,
2014,Finland,0,,,,,,,,
2015,Finland,0,,,,,,,,
2016,Finland,0,,,,,,,,
2017,Finland,0,,,,,,,,
1985,Ireland,0,,,,,,,,
1986,Ireland,0,,,,,,,,
1987,Ireland,0,,,,,,,,
1988,Ireland,0,.047206149,.038929898,.047206149,.038929898,.047206149,.038929898,.047206149,.038929898
1989,Ireland,0,.036009617,.028541267,.036009617,.028541267,.036009617,.028541267,.036009617,.028541267
1990,Ireland,0,.046939176,.035320856,.046939176,.035320856,.046939176,.035320856,.046939176,.035320856
1991,Ireland,0,.050917841,.036013655,.050917841,.036013655,.050917841,.036013655,.050917841,.036013655
1992,Ireland,0,.069133319,.049747936,.069133319,.049747936,.069133319,.049747936,.069133319,.049747936
1993,Ireland,0,.03531184,.031053435,.03531184,.031053435,.03531184,.031053435,.03531184,.031053435
1994,Ireland,0,.032249473,.034494188,.032249473,.034494188,.032249473,.034494188,.032249473,.034494188
1995,Ireland,0,.032433566,.029893648,.032433566,.029893648,.032433566,.029893648,.032433566,.029893648
1996,Ireland,0,.045747053,.029352641,.045747053,.029352641,.045747053,.029352641,.045747053,.029352641
1997,Ireland,0,.049646266,.03128171,.049646266,.03128171,.049646266,.03128171,.049646266,.03128171
1998,Ireland,0,.043299649,.026761694,.043299649,.026761694,.043299649,.026761694,.043299649,.026761694
1999,Ireland,0,.053687192,.032666143,.053687192,.032666143,.053687192,.032666143,.053687192,.032666143
2000,Ireland,0,.040640179,.023748213,.040640179,.023748213,.040640179,.023748213,.040640179,.023748213
2001,Ireland,0,.062667996,.039546676,.062667996,.039546676,.062667996,.039546676,.062667996,.039546676
2002,Ireland,0,.042683225,.027635602,.042683225,.027635602,.042683225,.027635602,.042683225,.027635602
2003,Ireland,0,.055898853,.041348126,.055898853,.041348126,.055898853,.041348126,.055898853,.041348126
2004,Ireland,0,.034702882,.031084176,.034702882,.031084176,.034702882,.031084176,.034702882,.031084176
2005,Ireland,0,.021577118,.017256171,.021577118,.017256171,.021577118,.017256171,.021577118,.017256171
2006,Ireland,0,.041550536,.031183787,.041550536,.031183787,.041550536,.031183787,.041550536,.031183787
2007,Ireland,0,.049231138,.022844786,.049231138,.022844786,.049231138,.022844786,.049231138,.022844786
2008,Ireland,1,.082309522,.035811588,.082309522,.035811588,.082309522,.035811588,.082309522,.035811588
2009,Ireland,0,,,,,,,,
2010,Ireland,0,,,,,,,,
2011,Ireland,0,,,,,,,,
2012,Ireland,0,,,,,,,,
2013,Ireland,0,,,,,,,,
2014,Ireland,0,,,,,,,,
2015,Ireland,0,,,,,,,,
2016,Ireland,0,,,,,,,,
2017,Ireland,0,,,,,,,,
1985,Portugal,0,,,,,,,,
1986,Portugal,0,,,,,,,,
1987,Portugal,0,,,,,,,,
1988,Portugal,0,,,,,,,,
1989,Portugal,0,,,,,,,,
1990,Portugal,0,,,,,,,,
1991,Portugal,0,,,,,,,,
1992,Portugal,0,,,,,,,,
1993,Portugal,0,,,,,,,,
1994,Portugal,0,,,,,,,,
1995,Portugal,0,,,,,,,,
1996,Portugal,0,.023049666,.014928867,.023049666,.014928867,.023049666,.014928867,.023049666,.014928867
1997,Portugal,0,.035958152,.021411931,.035958152,.021411931,.035958152,.021411931,.035958152,.021411931
1998,Portugal,0,.034726512,.014472989,.034726512,.014472989,.034726512,.014472989,.034726512,.014472989
1999,Portugal,0,.058106646,.019680852,.058106646,.019680852,.058106646,.019680852,.058106646,.019680852
2000,Portugal,0,.047020275,.017407319,.047020275,.017407319,.047020275,.017407319,.047020275,.017407319
2001,Portugal,0,.052157294,.019400744,.052157294,.019400744,.052157294,.019400744,.052157294,.019400744
2002,Portugal,0,.05344706,.022939319,.05344706,.022939319,.05344706,.022939319,.05344706,.022939319
2003,Portugal,0,.043614578,.020831665,.043614578,.020831665,.043614578,.020831665,.043614578,.020831665
2004,Portugal,0,.08955168,.061040126,.08955168,.061040126,.08955168,.061040126,.08955168,.061040126
2005,Portugal,0,.012579084,.009208749,.012579084,.009208749,.012579084,.009208749,.012579084,.009208749
2006,Portugal,0,.023725342,.023522533,.023725342,.023522533,.023725342,.023522533,.023725342,.023522533
2007,Portugal,0,.020872086,.013149108,.020872086,.013149108,.020872086,.013149108,.020872086,.013149108
2008,Portugal,1,.080205761,.019809341,.080205761,.019809341,.080205761,.019809341,.080205761,.019809341
2009,Portugal,0,.065360114,.022424659,.065360114,.022424659,.065360114,.022424659,.065360114,.022424659
2010,Portugal,0,.04826485,.02151897,.04826485,.02151897,.04826485,.02151897,.04826485,.02151897
2011,Portugal,0,,,,,,,,
2012,Portugal,0,,,,,,,,
2013,Portugal,0,,,,,,,,
2014,Portugal,0,,,,,,,,
2015,Portugal,0,,,,,,,,
2016,Portugal,0,,,,,,,,
2017,Portugal,0,,,,,,,,
1985,Spain,0,,,,,,,,
1986,Spain,0,,,,,,,,
1987,Spain,0,,,,,,,,
1988,Spain,0,,,,,,,,
1989,Spain,0,,,,,,,,
1990,Spain,0,.068267085,.016250594,.068267085,.016250594,.068267085,.016250594,.068267085,.016250594
1991,Spain,0,.090871319,.028054958,.090871319,.028054958,.090871319,.028054958,.090871319,.028054958
1992,Spain,0,.034570575,.015549866,.034570575,.015549866,.034570575,.015549866,.034570575,.015549866
1993,Spain,0,.064628132,.038833316,.064628132,.038833316,.064628132,.038833316,.064628132,.038833316
1994,Spain,0,,,,,,,,
1995,Spain,0,,,,,,,,
1996,Spain,0,,,,,,,,
1997,Spain,0,,,,,,,,
1998,Spain,0,,,,,,,,
1999,Spain,0,,,,,,,,
2000,Spain,0,.060730159,.017208977,.060730159,.017208977,.060730159,.017208977,.060730159,.017208977
2001,Spain,0,.053966824,.017101882,.053966824,.017101882,.053966824,.017101882,.053966824,.017101882
2002,Spain,0,.049813695,.020241845,.049813695,.020241845,.049813695,.020241845,.049813695,.020241845
2003,Spain,0,.036505152,.015432063,.036505152,.015432063,.036505152,.015432063,.036505152,.015432063
2004,Spain,0,.038007777,.016778648,.038007777,.016778648,.038007777,.016778648,.038007777,.016778648
2005,Spain,0,.033997811,.014586258,.033997811,.014586258,.033997811,.014586258,.033997811,.014586258
2006,Spain,0,.038303774,.013711537,.038303774,.013711537,.038303774,.013711537,.038303774,.013711537
2007,Spain,0,.046090879,.015642103,.046090879,.015642103,.046090879,.015642103,.046090879,.015642103
2008,Spain,1,.050456874,.016467759,.050456874,.016467759,.050456874,.016467759,.050456874,.016467759
2009,Spain,0,.073181093,.028070686,.073181093,.028070686,.073181093,.028070686,.073181093,.028070686
2010,Spain,0,,,,,,,,
2011,Spain,0,,,,,,,,
2012,Spain,0,,,,,,,,
2013,Spain,0,,,,,,,,
2014,Spain,0,,,,,,,,
2015,Spain,0,,,,,,,,
2016,Spain,0,,,,,,,,
2017,Spain,0,,,,,,,,
1985,Australia,0,,,,,,,,
1986,Australia,0,,,,,,,,
1987,Australia,0,,,,,,,,
1988,Australia,0,.070769951,.030665446,.070769951,.030665446,.070769951,.030665446,.070769951,.030665446
1989,Australia,1,.033576615,.023878107,.033576615,.023878107,.033576615,.023878107,.033576615,.023878107
1990,Australia,0,.030670809,.021918315,.030670809,.021918315,.030670809,.021918315,.030670809,.021918315
1991,Australia,0,.070887148,.038784869,.070887148,.038784869,.070887148,.038784869,.070887148,.038784869
1992,Australia,0,.056498189,.02841486,.056498189,.02841486,.056498189,.02841486,.056498189,.02841486
1993,Australia,0,.051521637,.040138446,.051521637,.040138446,.051521637,.040138446,.051521637,.040138446
1994,Australia,0,.021484422,.021146119,.021484422,.021146119,.021484422,.021146119,.021484422,.021146119
1995,Australia,0,.03226975,.025504252,.03226975,.025504252,.03226975,.025504252,.03226975,.025504252
1996,Australia,0,.045755625,.028936703,.045755625,.028936703,.045755625,.028936703,.045755625,.028936703
1997,Australia,0,.052200418,.026083654,.052200418,.026083654,.052200418,.026083654,.052200418,.026083654
1998,Australia,0,.04447021,.026577555,.04447021,.026577555,.04447021,.026577555,.04447021,.026577555
1999,Australia,0,.040661763,.027232997,.040661763,.027232997,.040661763,.027232997,.040661763,.027232997
2000,Australia,0,.040465266,.02341067,.040465266,.02341067,.040465266,.02341067,.040465266,.02341067
2001,Australia,0,.055678479,.033397254,.055678479,.033397254,.055678479,.033397254,.055678479,.033397254
2002,Australia,0,.039833181,.024792582,.039833181,.024792582,.039833181,.024792582,.039833181,.024792582
2003,Australia,0,.034767691,.022618469,.034767691,.022618469,.034767691,.022618469,.034767691,.022618469
2004,Australia,0,.035783447,.023752658,.035783447,.023752658,.035783447,.023752658,.035783447,.023752658
2005,Australia,0,.048212137,.024798574,.048212137,.024798574,.048212137,.024798574,.048212137,.024798574
2006,Australia,0,.052108135,.025213264,.052108135,.025213264,.052108135,.025213264,.052108135,.025213264
2007,Australia,0,.044746283,.025621092,.044746283,.025621092,.044746283,.025621092,.044746283,.025621092
2008,Australia,0,.034014285,.020083454,.034014285,.020083454,.034014285,.020083454,.034014285,.020083454
2009,Australia,0,.048995562,.028129954,.048995562,.028129954,.048995562,.028129954,.048995562,.028129954
2010,Australia,0,.048196334,.025825994,.048196334,.025825994,.048196334,.025825994,.048196334,.025825994
2011,Australia,0,.078424588,.050675705,.078424588,.050675705,.078424588,.050675705,.078424588,.050675705
2012,Australia,0,.021240335,.017117349,.021240335,.017117349,.021240335,.017117349,.021240335,.017117349
2013,Australia,0,.031400234,.031999942,.031400234,.031999942,.031400234,.031999942,.031400234,.031999942
2014,Australia,0,.023936667,.018306021,.023936667,.018306021,.023936667,.018306021,.023936667,.018306021
2015,Australia,0,.058365241,.026910378,.058365241,.026910378,.058365241,.026910378,.058365241,.026910378
2016,Australia,0,.039320465,.019564014,.039320465,.019564014,.039320465,.019564014,.039320465,.019564014
2017,Australia,0,.061139081,.031897083,.061139081,.031897083,.061139081,.031897083,.061139081,.031897083
